,audit,happiness,maxDances,A,B,C,D,E,F,G,H,I,J,K,L,M,N,O,P,Q,R,S,T
maxDancers,,,,19,10,14,16,13,15,11,12,15,11,19,15,12,15,12,18,14,18,12,16
minDancers,,,,12,9,10,9,10,9,11,10,13,8,15,15,8,15,9,14,10,12,9,14
practiceTime,,,,Monday 0PM,Monday 0PM,Monday 1PM,Monday 2PM,Monday 3PM,Monday 3PM,Monday 4PM,Monday 5PM,Monday 6PM,Monday 6PM,Monday 7PM,Monday 8PM,Monday 9PM,Monday 9PM,Monday 10PM,Monday 11PM,Monday 12PM,Monday 12PM,Monday 13PM,Monday 14PM
happiness,,,,3.170634920634921,1.6388888888888884,4.152777777777778,6.555023923444976,4.488888888888889,4.9393939393939394,0.06734006734006748,1.1742424242424248,1.666666666666666,3.9595959595959602,1.6309523809523814,-5.661764705882353,5.037037037037036,-12.349376114081997,5.984126984126984,-3.6240740740740742,4.822222222222222,4.5508771929824565,5.678571428571429,-5.474074074074074
A0,No,0.6391511932854699,1,"(11, -) 0","(-, -) 0","(7, -) 0","(9, 1:0) 0","(-, -) 0","(13, -) 0","(5, -) 0","(12, 1:4) 0","(-, -) 0","(-, -) 0","(-, -) 0","(1, -) 0","(-, -) 0","(10, -) 0","(2, 1:7) 1","(4, -) 0","(6, -) 0","(8, -) 0","(3, -) 0","(-, -) 0"
A1,No,-1.0,1,"(-, -) 0","(-, -) 0","(5, -) 0","(-, -) 0","(4, -) 0","(3, -) 0","(-, -) 0","(-, -) 0","(6, -) 0","(-, -) 0","(-, -) 0","(-, -) 0","(-, -) 0","(-, -) 0","(-, -) 0","(-, -) 0","(2, -) 0","(-, -) 0","(-, -) 0","(1, -) 0"
A10,No,0.24369580448359884,2,"(-, -) 0","(-, -) 0","(2, -) 0","(9, 2:17) 1","(4, -) 0","(-, -) 0","(-, -) 0","(8, -) 0","(5, -) 0","(-, -) 0","(6, -) 0","(-, -) 0","(1, -) 0","(-, -) 0","(3, -) 0","(-, -) 0","(-, -) 0","(7, -) 0","(10, -) 0","(-, -) 0"
A100,No,1.1838106958915637,2,"(7, -) 0","(12, -) 0","(1, 2:0) 1","(2, -) 0","(4, -) 0","(-, -) 0","(5, -) 0","(11, -) 0","(3, -) 0","(-, -) 0","(10, -) 0","(-, 2:10) 0","(-, -) 0","(-, -) 0","(8, -) 0","(-, -) 0","(6, 1:3) 1","(-, 1:5) 0","(9, -) 0","(-, -) 0"
A101,No,0.772329751303047,1,"(12, -) 0","(2, -) 0","(9, -) 0","(17, -) 0","(4, -) 0","(-, -) 0","(-, -) 0","(10, -) 0","(-, -) 0","(13, -) 0","(15, -) 0","(7, -) 0","(14, -) 0","(5, -) 0","(11, -) 0","(8, -) 0","(3, -) 0","(1, 1:0) 1","(6, -) 0","(16, -) 0"
A102,No,-1.0,1,"(-, -) 0","(-, -) 0","(-, -) 0","(-, -) 0","(7, -) 0","(2, -) 0","(3, -) 0","(8, -) 0","(-, -) 0","(-, -) 0","(-, -) 0","(4, -) 0","(-, -) 0","(6, -) 0","(-, -) 0","(-, -) 0","(-, -) 0","(5, -) 0","(1, -) 0","(-, -) 0"
A103,No,-1.0,2,"(-, 1:4) 0","(6, -) 0","(-, -) 0","(-, -) 0","(-, -) 0","(-, -) 0","(1, -) 0","(-, -) 0","(7, -) 0","(-, -) 0","(-, -) 0","(-, -) 0","(-, -) 0","(4, -) 0","(-, -) 0","(-, -) 0","(2, -) 0","(3, -) 0","(-, -) 0","(5, -) 0"
A104,No,0.349862540476811,2,"(9, -) 0","(2, -) 0","(8, -) 0","(12, -) 0","(17, -) 0","(7, 1:4) 1","(15, -) 0","(11, -) 0","(6, -) 0","(14, -) 0","(18, -) 0","(3, -) 0","(4, 2:5) 0","(13, -) 0","(19, 1:8) 1","(10, 2:13) 0","(16, -) 0","(-, -) 0","(5, -) 0","(1, -) 0"
A105,No,-1.0,2,"(10, -) 0","(-, -) 0","(5, -) 0","(2, -) 0","(8, -) 0","(-, -) 0","(7, -) 0","(-, -) 0","(1, -) 0","(-, -) 0","(-, 2:0) 0","(-, -) 0","(-, -) 0","(3, -) 0","(4, -) 0","(9, -) 0","(-, -) 0","(-, -) 0","(-, -) 0","(6, -) 0"
A106,No,0.36084880671453023,2,"(9, -) 0","(10, -) 0","(-, -) 0","(4, -) 0","(11, -) 0","(-, -) 0","(5, -) 0","(3, -) 0","(1, -) 0","(2, -) 0","(6, 2:25) 1","(-, -) 0","(-, -) 0","(13, -) 0","(14, -) 0","(-, -) 0","(8, -) 0","(12, -) 0","(-, -) 0","(7, -) 0"
A107,No,0.36084880671453023,2,"(-, -) 0","(5, -) 0","(10, -) 0","(2, -) 0","(-, 2:2) 0","(8, -) 0","(-, -) 0","(3, -) 0","(-, -) 0","(-, -) 0","(-, -) 0","(-, -) 0","(1, -) 0","(-, -) 0","(-, -) 0","(-, -) 0","(4, -) 0","(7, -) 0","(9, -) 0","(6, 1:0) 1"
A108,No,-1.0,2,"(2, -) 0","(-, -) 0","(-, -) 0","(-, -) 0","(7, -) 0","(-, -) 0","(3, -) 0","(1, -) 0","(-, -) 0","(-, -) 0","(5, -) 0","(-, -) 0","(6, -) 0","(-, -) 0","(-, -) 0","(-, -) 0","(4, -) 0","(-, -) 0","(-, -) 0","(-, -) 0"
A109,No,1.1838106958915637,2,"(-, -) 0","(-, -) 0","(7, -) 0","(-, -) 0","(-, -) 0","(3, -) 0","(-, -) 0","(8, -) 0","(9, -) 0","(4, -) 0","(-, -) 0","(-, -) 0","(-, -) 0","(6, 2:4) 1","(5, -) 0","(-, 1:2) 0","(-, -) 0","(1, 1:3) 1","(2, -) 0","(-, 2:6) 0"
A11,No,0.13317855801757728,2,"(-, -) 0","(6, -) 0","(15, -) 0","(5, -) 0","(-, -) 0","(13, 2:10) 1","(9, -) 0","(-, -) 0","(11, -) 0","(3, -) 0","(8, -) 0","(2, -) 0","(10, -) 0","(1, -) 0","(12, -) 0","(-, -) 0","(-, -) 0","(7, -) 0","(14, -) 0","(4, -) 0"
A110,No,-1.0,2,"(-, -) 0","(10, -) 0","(-, -) 0","(6, -) 0","(-, -) 0","(4, -) 0","(-, -) 0","(-, -) 0","(2, -) 0","(8, -) 0","(-, -) 0","(11, -) 0","(7, -) 0","(3, -) 0","(-, -) 0","(-, -) 0","(5, -) 0","(1, -) 0","(9, -) 0","(-, 1:2) 0"
A111,No,0.6897833311594564,2,"(3, -) 0","(-, -) 0","(-, -) 0","(-, -) 0","(-, -) 0","(-, -) 0","(5, 1:6) 1","(8, -) 0","(9, 1:0) 1","(-, -) 0","(-, -) 0","(4, -) 0","(6, -) 0","(-, -) 0","(-, -) 0","(2, -) 0","(7, -) 0","(-, -) 0","(1, -) 0","(-, -) 0"
A112,No,0.772329751303047,1,"(-, -) 0","(2, -) 0","(5, -) 0","(10, -) 0","(-, 2:4) 0","(11, -) 0","(9, -) 0","(-, 2:4) 0","(4, -) 0","(6, -) 0","(-, -) 0","(-, -) 0","(-, 2:2) 0","(3, -) 0","(12, -) 0","(7, -) 0","(1, 2:8) 1","(-, -) 0","(13, -) 0","(8, -) 0"
A113,No,-1.0,1,"(-, -) 0","(3, -) 0","(-, -) 0","(-, -) 0","(6, -) 0","(4, -) 0","(-, -) 0","(-, -) 0","(-, -) 0","(2, -) 0","(-, -) 0","(-, -) 0","(-, -) 0","(-, -) 0","(-, -) 0","(1, -) 0","(-, -) 0","(-, -) 0","(5, -) 0","(-, -) 0"
A114,No,0.6391511932854699,2,"(9, -) 0","(-, 1:7) 0","(1, -) 0","(2, 1:2) 1","(-, -) 0","(-, -) 0","(4, -) 0","(7, -) 0","(-, -) 0","(-, -) 0","(-, -) 0","(-, 2:6) 0","(6, -) 0","(-, -) 0","(-, -) 0","(5, -) 0","(-, 1:9) 0","(8, -) 0","(-, -) 0","(3, -) 0"
A115,No,-1.0,2,"(-, 2:19) 0","(7, -) 0","(1, -) 0","(6, -) 0","(-, -) 0","(-, -) 0","(-, -) 0","(-, -) 0","(4, -) 0","(5, -) 0","(-, -) 0","(-, -) 0","(-, -) 0","(-, -) 0","(2, -) 0","(3, -) 0","(-, -) 0","(-, -) 0","(8, -) 0","(-, -) 0"
A116,No,0.5446595026060941,1,"(2, -) 0","(-, -) 0","(9, -) 0","(-, -) 0","(1, -) 0","(-, -) 0","(6, -) 0","(-, 2:9) 0","(-, -) 0","(3, 2:1) 1","(5, -) 0","(-, -) 0","(7, -) 0","(-, -) 0","(-, -) 0","(8, -) 0","(-, -) 0","(-, -) 0","(-, -) 0","(4, 2:4) 0"
A117,No,0.6778380606236714,2,"(8, 1:0) 1","(-, -) 0","(-, 2:10) 0","(-, -) 0","(-, -) 0","(6, 1:0) 1","(2, -) 0","(-, -) 0","(-, -) 0","(-, -) 0","(-, 2:2) 0","(-, -) 0","(5, 1:2) 0","(-, -) 0","(3, -) 0","(7, -) 0","(4, -) 0","(1, -) 0","(-, -) 0","(-, -) 0"
A118,No,0.6391511932854699,1,"(3, -) 0","(9, -) 0","(5, -) 0","(-, -) 0","(11, -) 0","(-, -) 0","(6, -) 0","(12, -) 0","(16, -) 0","(15, -) 0","(1, -) 0","(10, -) 0","(14, -) 0","(4, -) 0","(-, -) 0","(-, 2:1) 0","(13, -) 0","(8, -) 0","(7, -) 0","(2, 1:5) 1"
A119,No,0.4713660531805519,2,"(1, -) 0","(7, -) 0","(10, -) 0","(-, -) 0","(2, -) 0","(-, -) 0","(-, -) 0","(-, -) 0","(5, -) 0","(-, -) 0","(13, -) 0","(3, -) 0","(-, -) 0","(8, -) 0","(9, -) 0","(-, -) 0","(12, -) 0","(4, 2:10) 1","(11, -) 0","(6, -) 0"
A12,No,-1.0,1,"(1, -) 0","(-, -) 0","(-, -) 0","(-, -) 0","(-, -) 0","(6, -) 0","(-, -) 0","(-, -) 0","(-, -) 0","(-, -) 0","(5, -) 0","(3, -) 0","(-, -) 0","(7, -) 0","(4, -) 0","(-, -) 0","(-, 2:1) 0","(-, -) 0","(-, -) 0","(2, -) 0"
A120,No,0.5952916404800807,2,"(10, -) 0","(-, -) 0","(-, -) 0","(9, -) 0","(3, -) 0","(-, -) 0","(7, -) 0","(12, 2:6) 1","(1, -) 0","(5, 2:0) 1","(-, -) 0","(-, -) 0","(-, -) 0","(6, -) 0","(-, -) 0","(4, -) 0","(-, 2:12) 0","(2, -) 0","(8, -) 0","(11, -) 0"
A121,No,0.1575199690827349,2,"(-, -) 0","(5, -) 0","(3, -) 0","(12, 1:9) 1","(8, -) 0","(-, 1:7) 0","(-, -) 0","(1, -) 0","(10, -) 0","(7, -) 0","(9, -) 0","(-, -) 0","(4, -) 0","(-, 1:7) 0","(-, -) 0","(-, -) 0","(-, -) 0","(2, -) 0","(6, -) 0","(11, -) 0"
A122,No,-1.0,1,"(6, -) 0","(-, -) 0","(-, -) 0","(-, -) 0","(8, -) 0","(-, -) 0","(7, -) 0","(1, -) 0","(-, -) 0","(-, -) 0","(2, -) 0","(-, -) 0","(-, -) 0","(-, -) 0","(4, -) 0","(-, -) 0","(5, -) 0","(-, -) 0","(3, -) 0","(-, -) 0"
A123,No,0.4114809445885168,1,"(7, -) 0","(4, -) 0","(-, -) 0","(-, 2:3) 0","(2, -) 0","(-, -) 0","(-, -) 0","(-, -) 0","(-, -) 0","(-, 1:1) 0","(-, -) 0","(-, -) 0","(1, -) 0","(-, -) 0","(-, 2:2) 0","(-, -) 0","(6, -) 0","(5, 1:1) 1","(-, -) 0","(3, -) 0"
A124,No,-1.0,2,"(-, -) 0","(-, -) 0","(2, -) 0","(-, -) 0","(3, -) 0","(-, -) 0","(-, -) 0","(-, -) 0","(-, -) 0","(1, -) 0","(-, 2:21) 0","(4, -) 0","(-, -) 0","(5, -) 0","(-, -) 0","(-, -) 0","(-, -) 0","(-, -) 0","(-, -) 0","(-, -) 0"
A125,No,0.13317855801757728,1,"(-, -) 0","(1, -) 0","(-, -) 0","(15, -) 0","(13, 1:5) 1","(11, -) 0","(-, 1:4) 0","(-, -) 0","(6, -) 0","(9, -) 0","(8, -) 0","(2, -) 0","(12, -) 0","(14, 2:11) 0","(5, -) 0","(7, -) 0","(4, 2:6) 0","(-, -) 0","(3, 1:2) 0","(10, -) 0"
A126,No,0.4713660531805519,1,"(-, -) 0","(7, -) 0","(8, -) 0","(-, -) 0","(-, -) 0","(-, -) 0","(-, -) 0","(-, 1:8) 0","(-, -) 0","(-, -) 0","(-, -) 0","(2, -) 0","(4, 1:4) 1","(3, -) 0","(1, -) 0","(-, -) 0","(-, -) 0","(5, -) 0","(-, -) 0","(6, -) 0"
A127,No,0.6391511932854699,1,"(-, -) 0","(2, 1:0) 1","(-, 1:5) 0","(1, 1:5) 0","(-, -) 0","(-, -) 0","(-, -) 0","(-, -) 0","(-, -) 0","(5, -) 0","(-, -) 0","(4, -) 0","(-, -) 0","(3, -) 0","(-, -) 0","(-, -) 0","(-, -) 0","(6, 2:12) 0","(-, -) 0","(-, -) 0"
A128,No,0.6391511932854699,2,"(3, -) 0","(2, 2:0) 1","(4, -) 0","(7, -) 0","(14, -) 0","(9, -) 0","(15, -) 0","(19, -) 0","(11, -) 0","(12, -) 0","(16, -) 0","(6, -) 0","(10, -) 0","(13, -) 0","(17, -) 0","(-, 2:14) 0","(1, -) 0","(8, -) 0","(5, -) 0","(18, -) 0"
A129,No,0.5446595026060941,1,"(1, -) 0","(-, -) 0","(-, -) 0","(5, -) 0","(16, -) 0","(10, -) 0","(4, -) 0","(3, 2:2) 1","(13, -) 0","(12, -) 0","(8, -) 0","(2, -) 0","(9, -) 0","(-, -) 0","(6, -) 0","(-, -) 0","(14, -) 0","(15, 2:13) 0","(7, -) 0","(11, -) 0"
A13,No,0.56068505839274,2,"(-, -) 0","(-, -) 0","(-, -) 0","(-, -) 0","(-, 2:3) 0","(7, 2:0) 1","(4, -) 0","(8, -) 0","(6, -) 0","(10, 1:8) 1","(9, -) 0","(-, -) 0","(2, -) 0","(-, -) 0","(3, -) 0","(-, -) 0","(-, -) 0","(5, -) 0","(1, -) 0","(-, -) 0"
A130,No,0.36084880671453023,2,"(15, -) 0","(2, -) 0","(-, -) 0","(6, 1:8) 1","(5, -) 0","(8, -) 0","(-, -) 0","(1, -) 0","(4, -) 0","(10, -) 0","(9, -) 0","(13, -) 0","(-, -) 0","(3, -) 0","(12, -) 0","(-, -) 0","(11, -) 0","(14, -) 0","(-, -) 0","(7, -) 0"
A131,No,-1.0,1,"(1, -) 0","(2, -) 0","(-, 1:6) 0","(-, -) 0","(-, -) 0","(-, -) 0","(3, -) 0","(4, -) 0","(-, -) 0","(-, -) 0","(-, -) 0","(-, -) 0","(-, -) 0","(-, -) 0","(-, -) 0","(5, -) 0","(-, -) 0","(-, -) 0","(-, 2:1) 0","(-, 2:0) 0"
A132,No,0.27830238657093964,2,"(7, -) 0","(3, -) 0","(-, -) 0","(-, -) 0","(1, -) 0","(-, -) 0","(-, -) 0","(15, -) 0","(-, -) 0","(9, -) 0","(4, -) 0","(14, -) 0","(12, -) 0","(5, -) 0","(11, -) 0","(6, -) 0","(2, -) 0","(10, -) 0","(8, 1:7) 1","(13, -) 0"
A133,No,0.36084880671453023,1,"(9, -) 0","(-, 2:3) 0","(12, -) 0","(3, -) 0","(-, -) 0","(-, -) 0","(-, -) 0","(-, 1:2) 0","(-, -) 0","(10, -) 0","(-, -) 0","(-, -) 0","(7, -) 0","(5, -) 0","(1, -) 0","(4, -) 0","(2, -) 0","(6, 2:14) 1","(8, -) 0","(11, -) 0"
A134,No,-1.0,2,"(1, -) 0","(-, -) 0","(15, -) 0","(3, -) 0","(8, -) 0","(-, -) 0","(10, -) 0","(9, -) 0","(6, -) 0","(11, -) 0","(12, -) 0","(5, -) 0","(2, -) 0","(-, 1:4) 0","(13, -) 0","(7, -) 0","(14, -) 0","(-, -) 0","(-, -) 0","(4, -) 0"
A135,No,-1.0,2,"(4, -) 0","(-, -) 0","(2, -) 0","(1, -) 0","(3, -) 0","(5, -) 0","(-, -) 0","(-, -) 0","(-, -) 0","(-, -) 0","(-, -) 0","(7, -) 0","(8, -) 0","(-, 2:10) 0","(-, -) 0","(6, -) 0","(-, -) 0","(-, -) 0","(9, -) 0","(-, -) 0"
A136,No,0.772329751303047,1,"(-, -) 0","(-, -) 0","(12, -) 0","(4, -) 0","(9, -) 0","(5, -) 0","(13, -) 0","(14, 2:0) 0","(6, -) 0","(3, -) 0","(11, -) 0","(-, -) 0","(10, -) 0","(-, -) 0","(1, 1:4) 1","(7, -) 0","(8, -) 0","(2, 2:2) 0","(-, -) 0","(-, -) 0"
A137,No,-1.0,1,"(-, -) 0","(4, -) 0","(-, -) 0","(1, -) 0","(-, -) 0","(-, -) 0","(-, -) 0","(-, -) 0","(-, -) 0","(-, -) 0","(-, -) 0","(3, -) 0","(-, -) 0","(-, -) 0","(-, -) 0","(-, -) 0","(2, -) 0","(-, -) 0","(-, -) 0","(-, -) 0"
A138,No,0.772329751303047,2,"(-, -) 0","(-, -) 0","(-, -) 0","(1, 1:1) 1","(2, -) 0","(-, -) 0","(-, 1:1) 0","(-, -) 0","(3, -) 0","(4, -) 0","(-, -) 0","(5, -) 0","(-, 2:4) 0","(-, -) 0","(-, -) 0","(-, 2:15) 0","(-, 2:7) 0","(-, -) 0","(-, -) 0","(-, -) 0"
A139,No,-1.0,2,"(-, -) 0","(-, -) 0","(-, -) 0","(6, -) 0","(-, -) 0","(-, -) 0","(-, -) 0","(1, -) 0","(2, -) 0","(4, -) 0","(-, -) 0","(3, -) 0","(-, -) 0","(-, -) 0","(-, -) 0","(-, -) 0","(-, -) 0","(5, -) 0","(-, -) 0","(-, -) 0"
A14,No,-1.0,1,"(2, -) 0","(7, -) 0","(-, -) 0","(-, 2:12) 0","(-, -) 0","(-, -) 0","(11, -) 0","(-, -) 0","(6, -) 0","(-, -) 0","(8, -) 0","(10, -) 0","(3, -) 0","(9, -) 0","(-, -) 0","(5, -) 0","(4, -) 0","(1, -) 0","(-, -) 0","(-, -) 0"
A140,No,-1.0,2,"(-, 2:5) 0","(-, -) 0","(5, -) 0","(-, -) 0","(3, -) 0","(-, -) 0","(-, -) 0","(-, -) 0","(1, -) 0","(-, -) 0","(-, -) 0","(-, -) 0","(-, -) 0","(-, -) 0","(-, -) 0","(2, -) 0","(4, -) 0","(-, 2:16) 0","(-, -) 0","(-, -) 0"
A141,No,0.4713660531805519,1,"(5, -) 0","(6, -) 0","(-, 2:9) 0","(-, -) 0","(3, -) 0","(-, -) 0","(-, -) 0","(-, -) 0","(-, -) 0","(-, -) 0","(1, -) 0","(-, -) 0","(7, -) 0","(-, -) 0","(-, -) 0","(4, 2:17) 1","(-, -) 0","(-, -) 0","(2, -) 0","(-, -) 0"
A142,No,-1.0,1,"(-, -) 0","(3, -) 0","(2, -) 0","(-, -) 0","(-, -) 0","(5, -) 0","(-, -) 0","(1, -) 0","(4, -) 0","(6, -) 0","(-, -) 0","(-, -) 0","(-, -) 0","(-, -) 0","(-, -) 0","(-, -) 0","(-, -) 0","(-, -) 0","(-, -) 0","(-, -) 0"
A143,No,0.1575199690827349,2,"(-, -) 0","(-, -) 0","(12, 2:3) 1","(6, -) 0","(-, -) 0","(5, -) 0","(8, -) 0","(4, -) 0","(-, -) 0","(-, -) 0","(3, -) 0","(-, -) 0","(2, -) 0","(11, -) 0","(7, -) 0","(1, -) 0","(-, -) 0","(10, -) 0","(9, -) 0","(-, -) 0"
A144,No,-1.0,2,"(9, -) 0","(-, -) 0","(1, -) 0","(-, -) 0","(-, -) 0","(-, -) 0","(6, -) 0","(-, -) 0","(8, -) 0","(-, -) 0","(2, -) 0","(-, 2:4) 0","(5, -) 0","(3, -) 0","(7, -) 0","(-, -) 0","(-, -) 0","(-, 2:8) 0","(4, -) 0","(-, -) 0"
A145,No,-1.0,2,"(-, -) 0","(5, -) 0","(-, -) 0","(-, -) 0","(4, -) 0","(-, -) 0","(6, -) 0","(-, -) 0","(-, 1:8) 0","(-, -) 0","(-, -) 0","(7, -) 0","(-, -) 0","(3, -) 0","(-, -) 0","(-, -) 0","(-, -) 0","(2, -) 0","(1, -) 0","(-, -) 0"
A146,No,0.13317855801757728,1,"(-, -) 0","(-, -) 0","(8, -) 0","(1, -) 0","(-, -) 0","(5, -) 0","(2, -) 0","(9, -) 0","(4, -) 0","(-, -) 0","(11, -) 0","(10, -) 0","(3, -) 0","(14, -) 0","(-, -) 0","(-, -) 0","(12, -) 0","(7, -) 0","(6, -) 0","(13, 1:7) 1"
A147,No,0.36084880671453023,1,"(7, -) 0","(-, -) 0","(14, -) 0","(1, -) 0","(10, -) 0","(3, -) 0","(4, -) 0","(9, -) 0","(2, -) 0","(6, 1:4) 1","(-, -) 0","(-, -) 0","(15, -) 0","(5, -) 0","(13, -) 0","(-, -) 0","(11, -) 0","(8, -) 0","(-, -) 0","(12, -) 0"
A148,No,0.772329751303047,1,"(-, 2:18) 0","(-, -) 0","(9, 2:4) 0","(13, 2:8) 0","(3, -) 0","(12, -) 0","(10, 2:6) 0","(2, -) 0","(8, -) 0","(5, -) 0","(6, -) 0","(11, -) 0","(1, 1:1) 1","(14, -) 0","(-, -) 0","(17, -) 0","(7, -) 0","(15, -) 0","(4, -) 0","(16, -) 0"
A149,No,0.4873916089671977,2,"(-, -) 0","(5, -) 0","(2, -) 0","(11, -) 0","(4, -) 0","(8, -) 0","(3, -) 0","(-, -) 0","(10, 2:8) 1","(-, -) 0","(13, -) 0","(7, -) 0","(1, -) 0","(-, -) 0","(9, 1:1) 1","(12, -) 0","(-, -) 0","(-, 1:8) 0","(6, -) 0","(-, -) 0"
A15,No,-1.0,2,"(9, -) 0","(5, -) 0","(-, -) 0","(13, -) 0","(-, -) 0","(12, -) 0","(-, -) 0","(11, -) 0","(2, -) 0","(-, -) 0","(3, -) 0","(-, -) 0","(-, -) 0","(7, -) 0","(-, -) 0","(4, -) 0","(10, -) 0","(1, -) 0","(6, -) 0","(8, -) 0"
A150,No,-1.0,2,"(-, -) 0","(-, -) 0","(1, -) 0","(5, -) 0","(-, -) 0","(-, -) 0","(-, -) 0","(-, -) 0","(-, 1:6) 0","(-, -) 0","(4, -) 0","(-, -) 0","(-, -) 0","(2, -) 0","(3, -) 0","(-, -) 0","(-, -) 0","(-, -) 0","(-, -) 0","(-, -) 0"
A151,No,0.27830238657093964,2,"(12, -) 0","(-, 1:4) 0","(10, -) 0","(-, -) 0","(3, -) 0","(1, -) 0","(8, 2:2) 1","(11, -) 0","(2, -) 0","(4, -) 0","(7, -) 0","(-, 2:7) 0","(13, -) 0","(9, -) 0","(-, -) 0","(6, -) 0","(-, -) 0","(-, -) 0","(5, -) 0","(-, -) 0"
A152,No,0.772329751303047,1,"(6, -) 0","(-, -) 0","(-, -) 0","(-, -) 0","(3, -) 0","(8, 2:3) 0","(-, -) 0","(-, -) 0","(-, -) 0","(-, -) 0","(5, -) 0","(-, -) 0","(9, -) 0","(7, -) 0","(2, -) 0","(-, -) 0","(-, -) 0","(-, -) 0","(1, 2:0) 1","(4, -) 0"
A153,No,0.772329751303047,1,"(-, -) 0","(-, -) 0","(-, -) 0","(4, -) 0","(-, -) 0","(3, -) 0","(-, -) 0","(-, -) 0","(-, -) 0","(-, -) 0","(2, -) 0","(1, 2:15) 1","(-, -) 0","(-, -) 0","(-, -) 0","(-, -) 0","(-, -) 0","(-, 2:9) 0","(-, -) 0","(-, -) 0"
A154,No,0.18381069589156385,1,"(-, -) 0","(4, -) 0","(-, -) 0","(1, -) 0","(-, 2:10) 0","(6, -) 0","(-, -) 0","(10, -) 0","(8, -) 0","(3, -) 0","(11, 2:20) 1","(-, -) 0","(5, -) 0","(-, -) 0","(2, -) 0","(7, -) 0","(9, -) 0","(-, -) 0","(-, -) 0","(-, -) 0"
A155,No,1.544659502606094,2,"(-, -) 0","(-, -) 0","(6, -) 0","(2, 2:11) 1","(-, -) 0","(-, -) 0","(-, -) 0","(-, -) 0","(3, -) 0","(-, -) 0","(8, -) 0","(-, -) 0","(7, -) 0","(-, -) 0","(4, -) 0","(-, -) 0","(1, 2:10) 1","(5, -) 0","(9, -) 0","(-, -) 0"
A156,No,0.27830238657093964,1,"(12, -) 0","(2, -) 0","(9, -) 0","(4, -) 0","(7, -) 0","(1, -) 0","(8, 1:5) 1","(-, -) 0","(-, -) 0","(14, -) 0","(15, -) 0","(11, -) 0","(3, -) 0","(16, -) 0","(-, -) 0","(-, -) 0","(6, -) 0","(5, -) 0","(10, -) 0","(13, -) 0"
A157,No,-1.0,2,"(6, -) 0","(4, -) 0","(-, -) 0","(-, -) 0","(8, -) 0","(-, -) 0","(2, -) 0","(-, -) 0","(-, -) 0","(-, -) 0","(-, -) 0","(-, -) 0","(5, -) 0","(-, -) 0","(-, -) 0","(3, -) 0","(7, -) 0","(-, -) 0","(-, -) 0","(1, -) 0"
A158,No,0.6045446111981291,2,"(-, -) 0","(9, -) 0","(2, -) 0","(12, -) 0","(15, -) 0","(-, -) 0","(-, -) 0","(5, -) 0","(6, 1:7) 1","(-, -) 0","(4, 2:5) 0","(14, -) 0","(7, -) 0","(13, -) 0","(3, -) 0","(10, 1:1) 1","(8, -) 0","(16, -) 0","(11, -) 0","(1, -) 0"
A159,No,-1.0,2,"(-, -) 0","(4, -) 0","(6, -) 0","(1, -) 0","(-, -) 0","(8, -) 0","(2, -) 0","(7, -) 0","(-, -) 0","(5, -) 0","(-, -) 0","(3, -) 0","(9, -) 0","(-, -) 0","(10, -) 0","(-, -) 0","(-, 1:4) 0","(-, 1:9) 0","(-, -) 0","(-, -) 0"
A16,No,-1.0,1,"(2, -) 0","(-, -) 0","(7, -) 0","(-, -) 0","(3, -) 0","(-, -) 0","(5, -) 0","(9, -) 0","(-, -) 0","(-, -) 0","(-, -) 0","(-, -) 0","(-, -) 0","(1, -) 0","(-, -) 0","(-, -) 0","(8, -) 0","(6, -) 0","(-, -) 0","(4, -) 0"
A160,No,0.24369580448359884,2,"(5, -) 0","(-, -) 0","(-, -) 0","(-, -) 0","(2, -) 0","(9, 1:5) 1","(8, -) 0","(6, -) 0","(-, -) 0","(-, 1:3) 0","(-, -) 0","(-, -) 0","(4, -) 0","(-, -) 0","(-, -) 0","(-, -) 0","(7, -) 0","(3, -) 0","(1, -) 0","(-, -) 0"
A161,No,0.5446595026060941,1,"(-, -) 0","(-, -) 0","(-, -) 0","(-, -) 0","(-, -) 0","(-, 1:3) 0","(5, -) 0","(-, -) 0","(6, -) 0","(-, -) 0","(-, -) 0","(1, -) 0","(2, -) 0","(-, 2:9) 0","(-, -) 0","(-, -) 0","(3, 2:0) 1","(-, -) 0","(-, -) 0","(4, -) 0"
A162,No,-1.0,2,"(6, -) 0","(-, -) 0","(12, -) 0","(3, -) 0","(5, -) 0","(11, -) 0","(-, -) 0","(1, -) 0","(2, -) 0","(-, -) 0","(7, -) 0","(13, -) 0","(17, -) 0","(8, -) 0","(4, -) 0","(16, -) 0","(15, -) 0","(10, -) 0","(14, -) 0","(9, -) 0"
A163,No,0.3330148096957869,2,"(-, -) 0","(16, 1:5) 1","(10, 2:16) 0","(12, 2:1) 0","(15, -) 0","(-, -) 0","(8, -) 0","(11, -) 0","(14, -) 0","(17, -) 0","(3, 2:22) 0","(6, -) 0","(5, -) 0","(13, -) 0","(-, -) 0","(9, 1:5) 1","(7, -) 0","(2, -) 0","(1, -) 0","(4, -) 0"
A164,No,0.9561404471946109,2,"(13, -) 0","(6, 2:1) 1","(17, -) 0","(1, -) 0","(18, -) 0","(-, -) 0","(-, -) 0","(16, -) 0","(15, -) 0","(3, 2:6) 1","(10, -) 0","(9, -) 0","(5, -) 0","(11, -) 0","(14, -) 0","(12, -) 0","(7, -) 0","(8, -) 0","(2, 2:4) 0","(4, -) 0"
A165,No,0.6391511932854699,1,"(-, 2:13) 0","(6, -) 0","(-, -) 0","(-, -) 0","(-, -) 0","(3, -) 0","(-, 1:3) 0","(-, -) 0","(1, -) 0","(-, -) 0","(-, -) 0","(-, -) 0","(-, -) 0","(-, -) 0","(4, -) 0","(-, -) 0","(5, -) 0","(2, 2:11) 1","(-, -) 0","(-, -) 0"
A166,No,-1.0,1,"(-, -) 0","(5, -) 0","(-, -) 0","(-, -) 0","(3, -) 0","(-, -) 0","(-, -) 0","(-, -) 0","(-, -) 0","(-, -) 0","(-, -) 0","(-, -) 0","(-, -) 0","(2, -) 0","(-, -) 0","(4, -) 0","(-, -) 0","(-, -) 0","(6, -) 0","(1, -) 0"
A167,No,0.11051724646602179,2,"(9, -) 0","(-, -) 0","(5, -) 0","(4, -) 0","(-, -) 0","(12, -) 0","(11, -) 0","(-, -) 0","(14, 1:3) 1","(13, -) 0","(-, -) 0","(1, -) 0","(3, -) 0","(7, -) 0","(8, -) 0","(-, -) 0","(10, -) 0","(-, -) 0","(2, -) 0","(6, -) 0"
A168,No,0.6391511932854699,1,"(-, -) 0","(1, -) 0","(8, -) 0","(-, -) 0","(-, -) 0","(-, -) 0","(-, -) 0","(-, 2:8) 0","(-, -) 0","(-, -) 0","(3, -) 0","(-, -) 0","(7, -) 0","(-, 1:8) 0","(-, -) 0","(5, -) 0","(-, -) 0","(6, -) 0","(2, 2:3) 1","(4, -) 0"
A169,No,0.4713660531805519,2,"(13, -) 0","(6, -) 0","(4, 2:15) 1","(2, -) 0","(8, -) 0","(-, -) 0","(16, -) 0","(14, -) 0","(12, -) 0","(5, -) 0","(15, -) 0","(17, -) 0","(11, -) 0","(-, -) 0","(7, -) 0","(3, -) 0","(-, -) 0","(10, -) 0","(1, -) 0","(9, -) 0"
A17,No,0.5446595026060941,2,"(-, -) 0","(-, -) 0","(-, -) 0","(-, -) 0","(-, -) 0","(2, -) 0","(-, -) 0","(-, -) 0","(-, -) 0","(-, -) 0","(-, -) 0","(5, -) 0","(-, -) 0","(-, -) 0","(4, -) 0","(-, -) 0","(-, -) 0","(1, -) 0","(3, 1:8) 1","(-, -) 0"
A170,No,-1.0,2,"(8, -) 0","(11, -) 0","(6, -) 0","(-, -) 0","(16, -) 0","(1, -) 0","(3, -) 0","(4, -) 0","(18, -) 0","(7, -) 0","(5, -) 0","(12, -) 0","(14, -) 0","(2, -) 0","(13, -) 0","(19, -) 0","(10, -) 0","(9, -) 0","(15, -) 0","(17, -) 0"
A171,No,0.6391511932854699,1,"(-, -) 0","(-, -) 0","(10, -) 0","(15, -) 0","(12, -) 0","(5, -) 0","(11, -) 0","(14, -) 0","(13, -) 0","(4, -) 0","(9, 2:8) 0","(1, -) 0","(3, -) 0","(-, -) 0","(2, 1:5) 1","(-, -) 0","(8, -) 0","(16, -) 0","(6, -) 0","(7, -) 0"
A172,No,-1.0,1,"(1, -) 0","(15, -) 0","(8, -) 0","(2, -) 0","(18, -) 0","(12, -) 0","(13, -) 0","(17, -) 0","(14, -) 0","(3, -) 0","(19, -) 0","(10, -) 0","(7, -) 0","(6, -) 0","(11, -) 0","(5, -) 0","(-, -) 0","(9, -) 0","(4, -) 0","(16, -) 0"
A173,No,0.19983625167820984,2,"(6, -) 0","(15, -) 0","(11, -) 0","(2, -) 0","(-, -) 0","(-, -) 0","(5, -) 0","(-, -) 0","(12, -) 0","(1, -) 0","(16, 2:11) 1","(3, -) 0","(9, -) 0","(-, -) 0","(4, -) 0","(7, -) 0","(10, -) 0","(14, 2:5) 1","(8, -) 0","(13, -) 0"
A174,No,1.1105172464660218,2,"(5, 2:10) 1","(-, -) 0","(-, -) 0","(-, 2:6) 0","(6, -) 0","(-, -) 0","(2, 2:5) 1","(-, -) 0","(-, 2:7) 0","(7, -) 0","(-, -) 0","(-, -) 0","(-, -) 0","(1, -) 0","(4, -) 0","(-, -) 0","(-, 1:7) 0","(-, -) 0","(3, -) 0","(8, -) 0"
A175,No,0.06940631839298106,1,"(-, -) 0","(5, -) 0","(15, -) 0","(9, -) 0","(-, -) 0","(11, -) 0","(10, -) 0","(14, -) 0","(2, -) 0","(3, -) 0","(7, -) 0","(8, -) 0","(16, 2:3) 1","(1, -) 0","(4, -) 0","(-, -) 0","(13, -) 0","(6, -) 0","(17, -) 0","(12, -) 0"
A176,No,-1.0,1,"(3, -) 0","(-, -) 0","(5, -) 0","(-, -) 0","(-, -) 0","(-, -) 0","(-, -) 0","(8, -) 0","(9, -) 0","(-, -) 0","(-, -) 0","(-, -) 0","(1, -) 0","(-, -) 0","(4, -) 0","(7, -) 0","(2, -) 0","(-, -) 0","(-, -) 0","(6, -) 0"
A177,No,0.5446595026060941,1,"(2, -) 0","(-, -) 0","(7, -) 0","(-, -) 0","(-, -) 0","(-, -) 0","(-, -) 0","(-, -) 0","(-, 2:4) 0","(-, -) 0","(3, 2:24) 1","(-, -) 0","(6, -) 0","(9, -) 0","(-, -) 0","(5, -) 0","(8, -) 0","(-, -) 0","(4, 2:6) 0","(1, 2:12) 0"
A178,No,0.772329751303047,1,"(6, -) 0","(-, -) 0","(4, -) 0","(-, -) 0","(9, -) 0","(3, -) 0","(2, -) 0","(16, -) 0","(15, -) 0","(13, -) 0","(-, -) 0","(10, -) 0","(7, -) 0","(8, -) 0","(5, -) 0","(-, -) 0","(1, 1:6) 1","(14, -) 0","(12, -) 0","(11, -) 0"
A179,No,-1.0,1,"(-, -) 0","(2, -) 0","(-, -) 0","(1, -) 0","(-, -) 0","(-, -) 0","(-, -) 0","(3, -) 0","(-, -) 0","(-, -) 0","(-, -) 0","(-, -) 0","(-, -) 0","(-, 2:5) 0","(-, 1:9) 0","(-, -) 0","(-, -) 0","(-, -) 0","(4, -) 0","(-, 2:8) 0"
A18,No,1.544659502606094,2,"(-, -) 0","(14, -) 0","(13, -) 0","(-, -) 0","(7, -) 0","(1, 2:6) 1","(-, -) 0","(8, -) 0","(2, 2:0) 1","(-, -) 0","(10, 2:1) 0","(5, -) 0","(11, -) 0","(4, -) 0","(12, -) 0","(15, -) 0","(-, -) 0","(9, -) 0","(6, -) 0","(3, -) 0"
A180,No,0.24369580448359884,1,"(-, -) 0","(-, -) 0","(9, 2:1) 1","(-, -) 0","(-, 2:12) 0","(-, -) 0","(7, -) 0","(-, -) 0","(5, -) 0","(-, -) 0","(3, -) 0","(8, -) 0","(4, -) 0","(-, -) 0","(1, -) 0","(-, -) 0","(-, -) 0","(6, -) 0","(-, -) 0","(2, -) 0"
A181,No,0.4713660531805519,1,"(-, -) 0","(-, -) 0","(1, -) 0","(-, -) 0","(2, -) 0","(-, -) 0","(-, 2:7) 0","(4, 1:9) 1","(-, -) 0","(-, -) 0","(-, 2:6) 0","(3, -) 0","(-, -) 0","(-, 2:7) 0","(-, -) 0","(-, -) 0","(-, -) 0","(-, -) 0","(-, -) 0","(-, -) 0"
A182,No,-1.0,2,"(-, -) 0","(2, -) 0","(4, -) 0","(3, -) 0","(1, -) 0","(-, 2:8) 0","(-, 1:2) 0","(-, -) 0","(5, -) 0","(-, -) 0","(-, -) 0","(7, -) 0","(-, -) 0","(-, -) 0","(-, -) 0","(6, -) 0","(-, -) 0","(-, 1:6) 0","(-, -) 0","(-, -) 0"
A183,No,0.4713660531805519,1,"(13, -) 0","(16, 1:8) 0","(18, -) 0","(17, -) 0","(14, -) 0","(7, -) 0","(10, -) 0","(9, -) 0","(12, -) 0","(2, 2:2) 0","(15, -) 0","(3, -) 0","(5, -) 0","(8, -) 0","(19, -) 0","(4, 1:8) 1","(1, -) 0","(11, -) 0","(6, -) 0","(-, -) 0"
A184,No,0.4713660531805519,2,"(-, -) 0","(6, -) 0","(-, -) 0","(-, -) 0","(4, 1:0) 1","(-, 2:2) 0","(-, -) 0","(-, -) 0","(-, -) 0","(1, -) 0","(-, -) 0","(5, -) 0","(-, -) 0","(2, -) 0","(-, -) 0","(-, -) 0","(-, 2:11) 0","(3, -) 0","(-, -) 0","(-, -) 0"
A185,No,-1.0,2,"(11, -) 0","(14, -) 0","(-, -) 0","(1, -) 0","(12, -) 0","(4, -) 0","(3, -) 0","(8, -) 0","(-, -) 0","(-, -) 0","(13, -) 0","(9, -) 0","(7, -) 0","(-, -) 0","(10, -) 0","(5, -) 0","(2, -) 0","(6, -) 0","(-, -) 0","(-, -) 0"
A186,No,0.1575199690827349,1,"(-, -) 0","(10, -) 0","(-, 2:6) 0","(-, 1:4) 0","(9, -) 0","(13, -) 0","(-, -) 0","(3, -) 0","(-, -) 0","(-, -) 0","(6, -) 0","(4, -) 0","(2, -) 0","(12, 1:0) 1","(11, -) 0","(1, -) 0","(-, -) 0","(8, -) 0","(5, 1:6) 0","(7, -) 0"
A187,No,-1.0,1,"(-, -) 0","(4, -) 0","(-, -) 0","(-, 1:7) 0","(8, -) 0","(-, -) 0","(-, -) 0","(3, -) 0","(-, -) 0","(-, -) 0","(-, -) 0","(6, -) 0","(-, -) 0","(5, -) 0","(7, -) 0","(-, -) 0","(-, -) 0","(1, -) 0","(2, -) 0","(-, -) 0"
A188,No,1.0506321378739867,2,"(-, -) 0","(-, -) 0","(10, -) 0","(13, -) 0","(6, 1:1) 1","(12, -) 0","(-, -) 0","(4, -) 0","(3, -) 0","(-, -) 0","(5, -) 0","(8, -) 0","(1, -) 0","(11, 1:9) 0","(-, -) 0","(2, 2:11) 1","(9, -) 0","(7, -) 0","(-, -) 0","(-, -) 0"
A189,No,-1.0,2,"(-, -) 0","(1, -) 0","(5, -) 0","(3, -) 0","(-, -) 0","(-, 1:1) 0","(11, -) 0","(-, 2:1) 0","(9, -) 0","(8, -) 0","(10, -) 0","(-, -) 0","(2, -) 0","(-, -) 0","(7, -) 0","(-, -) 0","(4, -) 0","(6, -) 0","(-, -) 0","(-, -) 0"
A19,No,0.24369580448359884,1,"(2, -) 0","(7, -) 0","(10, -) 0","(4, -) 0","(9, 2:7) 1","(13, -) 0","(6, -) 0","(17, -) 0","(8, -) 0","(1, -) 0","(3, -) 0","(14, -) 0","(15, -) 0","(12, -) 0","(-, -) 0","(11, -) 0","(16, -) 0","(5, -) 0","(-, -) 0","(-, -) 0"
A190,No,0.4713660531805519,1,"(-, -) 0","(2, -) 0","(-, -) 0","(8, -) 0","(3, -) 0","(-, -) 0","(5, -) 0","(4, 1:11) 1","(-, -) 0","(1, -) 0","(-, -) 0","(7, -) 0","(-, -) 0","(-, -) 0","(6, -) 0","(-, -) 0","(-, -) 0","(-, -) 0","(-, -) 0","(-, -) 0"
A191,No,0.772329751303047,2,"(9, -) 0","(-, -) 0","(-, -) 0","(5, -) 0","(-, -) 0","(7, -) 0","(2, -) 0","(-, -) 0","(-, -) 0","(8, -) 0","(4, -) 0","(-, -) 0","(6, -) 0","(-, -) 0","(-, -) 0","(3, -) 0","(-, -) 0","(-, -) 0","(1, 1:10) 1","(-, -) 0"
A192,No,-1.0,1,"(-, 1:1) 0","(-, -) 0","(-, 2:17) 0","(-, -) 0","(-, -) 0","(-, -) 0","(2, -) 0","(-, -) 0","(-, -) 0","(3, -) 0","(-, -) 0","(-, -) 0","(4, -) 0","(-, -) 0","(-, -) 0","(-, -) 0","(-, 2:14) 0","(1, -) 0","(-, -) 0","(-, -) 0"
A193,No,0.6391511932854699,2,"(2, 2:7) 1","(1, -) 0","(8, -) 0","(-, 2:15) 0","(3, -) 0","(-, -) 0","(-, -) 0","(-, -) 0","(4, -) 0","(-, -) 0","(-, 2:13) 0","(10, -) 0","(-, -) 0","(-, -) 0","(-, -) 0","(7, -) 0","(6, -) 0","(-, -) 0","(5, -) 0","(9, -) 0"
A194,No,0.772329751303047,1,"(-, -) 0","(5, -) 0","(2, -) 0","(-, -) 0","(1, 2:11) 1","(-, -) 0","(-, -) 0","(4, -) 0","(-, -) 0","(-, -) 0","(-, -) 0","(-, 2:2) 0","(-, -) 0","(-, -) 0","(-, -) 0","(-, -) 0","(-, -) 0","(3, -) 0","(-, -) 0","(-, -) 0"
A195,No,0.27830238657093964,1,"(8, 1:3) 1","(3, -) 0","(11, -) 0","(16, 2:4) 0","(7, -) 0","(5, -) 0","(-, -) 0","(2, -) 0","(-, -) 0","(9, -) 0","(6, -) 0","(-, -) 0","(14, -) 0","(10, 2:16) 0","(15, -) 0","(1, -) 0","(4, -) 0","(13, -) 0","(12, -) 0","(17, -) 0"
A196,No,-1.0,2,"(14, -) 0","(4, -) 0","(-, 1:3) 0","(5, -) 0","(7, -) 0","(2, -) 0","(6, -) 0","(8, -) 0","(10, -) 0","(12, -) 0","(16, -) 0","(19, -) 0","(17, -) 0","(11, -) 0","(1, -) 0","(9, -) 0","(18, -) 0","(3, -) 0","(15, -) 0","(13, -) 0"
A197,No,0.18381069589156385,1,"(5, -) 0","(9, -) 0","(6, -) 0","(8, -) 0","(3, -) 0","(16, -) 0","(2, -) 0","(11, 1:7) 1","(4, -) 0","(15, -) 0","(-, -) 0","(12, -) 0","(13, -) 0","(18, 2:8) 0","(7, -) 0","(17, -) 0","(19, -) 0","(1, 1:2) 0","(14, 1:5) 0","(10, -) 0"
A198,No,0.36084880671453023,2,"(-, -) 0","(-, -) 0","(5, -) 0","(3, -) 0","(-, -) 0","(1, -) 0","(-, -) 0","(7, -) 0","(-, 1:9) 0","(-, -) 0","(-, -) 0","(-, -) 0","(-, -) 0","(-, -) 0","(-, -) 0","(2, -) 0","(-, -) 0","(6, 2:15) 1","(-, -) 0","(4, -) 0"
A199,No,1.1105172464660218,2,"(-, -) 0","(-, -) 0","(3, -) 0","(4, -) 0","(6, -) 0","(13, -) 0","(11, -) 0","(-, -) 0","(5, 1:10) 1","(9, 1:6) 0","(1, -) 0","(2, 1:7) 1","(12, -) 0","(7, -) 0","(-, -) 0","(14, -) 0","(15, -) 0","(10, -) 0","(8, -) 0","(-, -) 0"
A2,No,0.13317855801757728,1,"(-, -) 0","(15, -) 0","(-, -) 0","(5, -) 0","(-, 1:6) 0","(10, -) 0","(13, 1:7) 1","(11, -) 0","(4, -) 0","(-, -) 0","(3, -) 0","(8, -) 0","(14, -) 0","(-, -) 0","(12, -) 0","(7, -) 0","(6, -) 0","(9, -) 0","(1, -) 0","(2, -) 0"
A20,No,0.4940273647321075,2,"(-, -) 0","(2, -) 0","(-, -) 0","(1, -) 0","(3, -) 0","(7, -) 0","(-, -) 0","(4, -) 0","(10, -) 0","(8, -) 0","(12, -) 0","(6, 2:16) 1","(14, 1:7) 1","(9, -) 0","(13, -) 0","(-, -) 0","(-, -) 0","(5, -) 0","(11, -) 0","(15, -) 0"
A200,No,0.772329751303047,1,"(9, -) 0","(-, -) 0","(-, -) 0","(7, -) 0","(2, -) 0","(5, -) 0","(8, -) 0","(-, -) 0","(-, -) 0","(-, -) 0","(-, -) 0","(-, -) 0","(3, -) 0","(-, -) 0","(-, -) 0","(-, -) 0","(1, 2:5) 1","(6, -) 0","(4, -) 0","(-, -) 0"
A201,No,0.4713660531805519,2,"(2, -) 0","(-, -) 0","(5, -) 0","(-, -) 0","(-, -) 0","(-, -) 0","(-, -) 0","(-, -) 0","(-, 2:9) 0","(-, -) 0","(-, 2:26) 0","(-, -) 0","(1, -) 0","(4, 2:6) 1","(-, -) 0","(-, -) 0","(-, -) 0","(3, -) 0","(-, -) 0","(-, -) 0"
A202,No,0.4114809445885168,1,"(16, -) 0","(5, 1:3) 1","(18, -) 0","(17, -) 0","(12, -) 0","(1, -) 0","(13, -) 0","(6, -) 0","(8, -) 0","(9, -) 0","(3, -) 0","(15, -) 0","(2, -) 0","(10, -) 0","(7, -) 0","(14, -) 0","(11, -) 0","(4, -) 0","(-, -) 0","(-, -) 0"
A203,No,0.3169892539091411,1,"(9, -) 0","(6, 1:6) 0","(12, 1:0) 0","(5, -) 0","(-, -) 0","(14, -) 0","(11, -) 0","(7, 1:5) 1","(-, 1:5) 0","(-, 2:4) 0","(10, -) 0","(-, -) 0","(3, -) 0","(-, -) 0","(13, -) 0","(1, 2:16) 0","(8, -) 0","(-, -) 0","(2, -) 0","(4, -) 0"
A204,No,-1.0,1,"(-, -) 0","(-, -) 0","(-, 1:7) 0","(-, -) 0","(-, -) 0","(-, -) 0","(-, -) 0","(-, -) 0","(-, -) 0","(1, -) 0","(5, -) 0","(-, -) 0","(-, -) 0","(-, -) 0","(-, -) 0","(-, 2:3) 0","(2, -) 0","(4, -) 0","(-, -) 0","(3, -) 0"
A205,No,-1.0,1,"(-, -) 0","(1, -) 0","(-, -) 0","(-, -) 0","(-, -) 0","(2, -) 0","(3, -) 0","(-, -) 0","(5, -) 0","(-, -) 0","(-, -) 0","(-, -) 0","(-, -) 0","(-, -) 0","(4, -) 0","(-, 1:0) 0","(-, -) 0","(-, -) 0","(-, -) 0","(-, -) 0"
A206,No,0.6391511932854699,2,"(12, -) 0","(10, -) 0","(-, -) 0","(6, -) 0","(5, -) 0","(8, -) 0","(-, -) 0","(4, -) 0","(15, -) 0","(1, -) 0","(9, -) 0","(-, -) 0","(-, -) 0","(13, -) 0","(14, -) 0","(-, -) 0","(7, -) 0","(11, -) 0","(2, 1:3) 1","(3, -) 0"
A207,No,0.36084880671453023,1,"(-, -) 0","(-, -) 0","(-, 2:8) 0","(-, -) 0","(-, -) 0","(8, 2:9) 0","(-, -) 0","(4, -) 0","(-, -) 0","(5, -) 0","(-, -) 0","(7, -) 0","(2, -) 0","(3, -) 0","(-, -) 0","(6, 2:4) 1","(-, -) 0","(-, -) 0","(-, -) 0","(1, -) 0"
A208,No,0.4713660531805519,1,"(4, 2:20) 1","(8, -) 0","(9, -) 0","(-, -) 0","(11, -) 0","(-, -) 0","(-, -) 0","(6, -) 0","(-, -) 0","(3, -) 0","(7, -) 0","(-, -) 0","(13, 2:1) 0","(1, -) 0","(12, -) 0","(10, 2:9) 0","(2, -) 0","(-, -) 0","(-, -) 0","(5, -) 0"
A209,No,0.4713660531805519,1,"(2, -) 0","(1, -) 0","(-, -) 0","(-, 2:9) 0","(-, -) 0","(7, -) 0","(-, -) 0","(-, 2:3) 0","(-, -) 0","(-, -) 0","(-, -) 0","(-, 1:6) 0","(4, 1:0) 1","(6, -) 0","(3, -) 0","(-, -) 0","(-, -) 0","(5, -) 0","(-, -) 0","(-, -) 0"
A21,No,1.1838106958915637,2,"(6, 1:7) 1","(-, -) 0","(11, -) 0","(-, -) 0","(-, -) 0","(14, -) 0","(12, -) 0","(-, -) 0","(2, -) 0","(3, -) 0","(-, -) 0","(4, -) 0","(10, -) 0","(5, -) 0","(9, -) 0","(7, -) 0","(-, -) 0","(1, 2:4) 1","(8, -) 0","(13, -) 0"
A210,No,-1.0,1,"(-, -) 0","(-, -) 0","(-, -) 0","(-, -) 0","(4, -) 0","(-, -) 0","(-, -) 0","(-, -) 0","(3, -) 0","(-, -) 0","(1, -) 0","(2, -) 0","(-, -) 0","(-, -) 0","(-, -) 0","(-, -) 0","(-, -) 0","(-, -) 0","(-, -) 0","(-, 2:7) 0"
A211,No,1.3169892539091412,2,"(4, 1:6) 1","(9, -) 0","(8, -) 0","(-, -) 0","(15, -) 0","(11, -) 0","(1, 2:0) 1","(3, -) 0","(10, -) 0","(12, -) 0","(-, -) 0","(6, -) 0","(-, -) 0","(-, -) 0","(2, -) 0","(13, -) 0","(16, -) 0","(7, -) 0","(5, -) 0","(14, -) 0"
A212,No,0.6391511932854699,1,"(17, -) 0","(13, -) 0","(10, -) 0","(6, -) 0","(7, -) 0","(18, -) 0","(-, 1:0) 0","(16, -) 0","(8, -) 0","(1, -) 0","(11, -) 0","(2, 2:0) 1","(4, -) 0","(14, -) 0","(3, -) 0","(-, -) 0","(12, -) 0","(5, -) 0","(15, -) 0","(9, -) 0"
A213,No,-1.0,2,"(-, -) 0","(-, -) 0","(-, -) 0","(6, -) 0","(-, -) 0","(-, 1:9) 0","(-, -) 0","(-, -) 0","(-, -) 0","(-, -) 0","(3, -) 0","(-, -) 0","(-, -) 0","(1, -) 0","(-, -) 0","(4, -) 0","(2, -) 0","(5, -) 0","(-, -) 0","(-, -) 0"
A214,No,0.05063213787398668,1,"(11, -) 0","(-, -) 0","(1, -) 0","(14, -) 0","(3, -) 0","(5, -) 0","(8, -) 0","(13, -) 0","(4, -) 0","(7, -) 0","(15, -) 0","(-, -) 0","(10, -) 0","(18, -) 0","(6, -) 0","(2, -) 0","(12, -) 0","(17, 2:7) 1","(16, -) 0","(9, -) 0"
A215,No,-1.0,1,"(6, -) 0","(8, -) 0","(11, -) 0","(18, -) 0","(-, -) 0","(1, -) 0","(16, -) 0","(10, -) 0","(2, -) 0","(5, -) 0","(-, -) 0","(13, -) 0","(3, -) 0","(4, -) 0","(15, -) 0","(17, -) 0","(14, -) 0","(9, -) 0","(7, -) 0","(12, -) 0"
A216,No,-1.0,1,"(-, 2:3) 0","(-, -) 0","(-, -) 0","(-, -) 0","(5, -) 0","(6, -) 0","(-, -) 0","(-, -) 0","(-, -) 0","(4, -) 0","(2, -) 0","(-, -) 0","(-, -) 0","(1, -) 0","(-, -) 0","(7, -) 0","(8, -) 0","(-, -) 0","(-, -) 0","(3, -) 0"
A217,No,0.4713660531805519,1,"(-, -) 0","(2, -) 0","(1, -) 0","(6, -) 0","(8, -) 0","(-, -) 0","(-, 2:1) 0","(-, -) 0","(-, -) 0","(-, -) 0","(5, -) 0","(4, 2:1) 1","(-, -) 0","(-, -) 0","(-, -) 0","(-, -) 0","(3, -) 0","(7, -) 0","(-, -) 0","(-, -) 0"
A218,No,-1.0,1,"(-, -) 0","(11, -) 0","(-, -) 0","(7, -) 0","(5, -) 0","(8, -) 0","(1, -) 0","(-, -) 0","(12, -) 0","(10, -) 0","(4, -) 0","(6, -) 0","(-, -) 0","(2, -) 0","(-, -) 0","(-, 1:7) 0","(-, 2:9) 0","(9, -) 0","(-, -) 0","(3, -) 0"
A219,No,0.3131021228765799,2,"(10, -) 0","(12, -) 0","(11, -) 0","(18, -) 0","(4, -) 0","(15, -) 0","(13, -) 0","(-, -) 0","(7, -) 0","(6, -) 0","(17, 1:5) 1","(1, -) 0","(2, -) 0","(-, -) 0","(14, -) 0","(5, -) 0","(9, 1:2) 1","(16, -) 0","(8, -) 0","(3, -) 0"
A22,No,0.772329751303047,2,"(10, -) 0","(16, -) 0","(9, -) 0","(15, -) 0","(8, -) 0","(7, -) 0","(4, -) 0","(14, -) 0","(6, -) 0","(13, -) 0","(17, -) 0","(1, 1:0) 1","(3, -) 0","(11, -) 0","(12, -) 0","(-, 2:2) 0","(19, -) 0","(18, -) 0","(5, -) 0","(2, -) 0"
A220,No,0.6391511932854699,1,"(-, -) 0","(7, -) 0","(4, -) 0","(-, -) 0","(11, -) 0","(3, -) 0","(12, -) 0","(5, -) 0","(1, -) 0","(-, 2:5) 0","(9, -) 0","(-, -) 0","(-, -) 0","(14, -) 0","(2, 1:3) 1","(-, -) 0","(10, -) 0","(13, -) 0","(8, -) 0","(6, -) 0"
A221,No,0.4114809445885168,1,"(2, -) 0","(-, -) 0","(-, -) 0","(3, -) 0","(4, -) 0","(-, -) 0","(-, -) 0","(-, -) 0","(6, -) 0","(-, -) 0","(-, -) 0","(1, -) 0","(-, -) 0","(-, -) 0","(-, -) 0","(-, -) 0","(5, 1:5) 1","(-, -) 0","(-, -) 0","(-, -) 0"
A222,No,0.6339785078182821,2,"(8, -) 0","(1, -) 0","(12, -) 0","(3, 2:2) 1","(4, -) 0","(13, -) 0","(-, -) 0","(7, -) 0","(10, -) 0","(-, -) 0","(5, -) 0","(-, -) 0","(16, 2:6) 1","(14, -) 0","(9, -) 0","(-, -) 0","(15, -) 0","(2, -) 0","(11, -) 0","(6, -) 0"
A223,No,-1.0,2,"(14, -) 0","(7, -) 0","(15, -) 0","(10, -) 0","(4, -) 0","(5, -) 0","(12, -) 0","(11, -) 0","(2, -) 0","(-, -) 0","(6, -) 0","(8, -) 0","(-, -) 0","(16, -) 0","(3, -) 0","(-, -) 0","(13, -) 0","(9, -) 0","(-, -) 0","(1, -) 0"
A224,No,0.772329751303047,1,"(-, -) 0","(-, -) 0","(-, -) 0","(-, -) 0","(-, -) 0","(-, -) 0","(2, -) 0","(5, -) 0","(4, -) 0","(-, -) 0","(-, -) 0","(-, -) 0","(-, -) 0","(-, 2:3) 0","(-, -) 0","(-, -) 0","(1, 2:2) 1","(3, -) 0","(6, -) 0","(-, -) 0"
A225,No,-1.0,1,"(-, -) 0","(-, -) 0","(2, -) 0","(-, -) 0","(-, -) 0","(-, -) 0","(3, -) 0","(-, -) 0","(-, -) 0","(-, -) 0","(-, -) 0","(-, -) 0","(-, -) 0","(-, -) 0","(1, -) 0","(4, -) 0","(-, -) 0","(-, -) 0","(-, -) 0","(-, -) 0"
A226,No,0.45608614751834264,2,"(-, -) 0","(3, -) 0","(6, -) 0","(-, -) 0","(2, 2:1) 0","(-, -) 0","(4, -) 0","(1, -) 0","(14, -) 0","(8, -) 0","(-, -) 0","(10, -) 0","(5, -) 0","(9, 1:6) 1","(11, 2:1) 1","(-, 1:4) 0","(7, -) 0","(13, -) 0","(12, -) 0","(-, -) 0"
A227,No,-1.0,2,"(-, -) 0","(-, -) 0","(-, 2:5) 0","(-, 2:7) 0","(-, -) 0","(-, -) 0","(-, -) 0","(4, -) 0","(2, -) 0","(5, -) 0","(-, 1:7) 0","(-, 1:4) 0","(-, -) 0","(-, -) 0","(3, -) 0","(-, -) 0","(1, -) 0","(-, -) 0","(-, -) 0","(-, -) 0"
A228,No,0.27830238657093964,2,"(-, -) 0","(6, -) 0","(-, -) 0","(12, -) 0","(-, -) 0","(8, 1:6) 1","(-, -) 0","(9, -) 0","(2, -) 0","(7, -) 0","(-, -) 0","(11, -) 0","(-, -) 0","(3, -) 0","(4, -) 0","(-, -) 0","(13, -) 0","(10, -) 0","(1, -) 0","(5, -) 0"
A229,No,0.24369580448359884,1,"(-, -) 0","(3, -) 0","(-, -) 0","(-, -) 0","(5, -) 0","(-, -) 0","(1, -) 0","(6, -) 0","(7, -) 0","(-, -) 0","(2, -) 0","(8, -) 0","(-, -) 0","(-, -) 0","(-, 1:2) 0","(-, -) 0","(-, 1:1) 0","(9, 2:6) 1","(4, -) 0","(-, -) 0"
A23,No,0.4114809445885168,2,"(-, -) 0","(-, -) 0","(-, 2:7) 0","(5, 1:6) 1","(8, -) 0","(-, -) 0","(2, -) 0","(10, -) 0","(-, -) 0","(9, -) 0","(-, -) 0","(7, -) 0","(-, -) 0","(3, -) 0","(-, -) 0","(6, -) 0","(1, -) 0","(11, -) 0","(-, -) 0","(4, -) 0"
A24,No,0.6391511932854699,1,"(-, -) 0","(7, -) 0","(-, -) 0","(1, -) 0","(-, 1:4) 0","(-, -) 0","(3, -) 0","(-, -) 0","(5, -) 0","(-, -) 0","(6, -) 0","(2, 2:8) 1","(8, -) 0","(-, -) 0","(-, -) 0","(-, -) 0","(4, -) 0","(-, -) 0","(-, -) 0","(-, -) 0"
A25,No,0.16114938434000847,2,"(18, 2:14) 1","(15, -) 0","(16, -) 0","(-, -) 0","(10, -) 0","(4, -) 0","(12, -) 0","(1, -) 0","(5, -) 0","(17, 2:7) 0","(9, -) 0","(8, -) 0","(2, -) 0","(3, -) 0","(13, -) 0","(6, -) 0","(19, -) 0","(14, 2:3) 1","(7, -) 0","(11, -) 0"
A26,No,0.4713660531805519,1,"(2, -) 0","(16, -) 0","(7, -) 0","(-, -) 0","(11, -) 0","(15, -) 0","(13, -) 0","(8, -) 0","(10, -) 0","(1, -) 0","(4, 1:1) 1","(12, -) 0","(6, -) 0","(3, 2:2) 0","(9, 2:6) 0","(5, 2:0) 0","(14, -) 0","(-, -) 0","(17, -) 0","(-, -) 0"
A27,No,0.6391511932854699,1,"(-, -) 0","(-, -) 0","(-, -) 0","(-, -) 0","(-, -) 0","(6, -) 0","(2, 1:8) 1","(4, -) 0","(-, -) 0","(1, -) 0","(-, -) 0","(-, -) 0","(-, -) 0","(-, -) 0","(5, -) 0","(-, -) 0","(-, -) 0","(-, -) 0","(3, -) 0","(-, -) 0"
A28,No,0.5446595026060941,1,"(-, -) 0","(-, 1:9) 0","(-, -) 0","(-, -) 0","(-, -) 0","(-, -) 0","(4, -) 0","(-, -) 0","(1, -) 0","(-, -) 0","(-, -) 0","(-, -) 0","(-, -) 0","(3, 2:0) 1","(-, -) 0","(5, -) 0","(2, -) 0","(-, -) 0","(-, -) 0","(-, -) 0"
A29,No,-1.0,1,"(2, -) 0","(-, -) 0","(-, -) 0","(-, -) 0","(-, -) 0","(5, -) 0","(-, 2:8) 0","(-, -) 0","(-, -) 0","(1, -) 0","(-, -) 0","(6, -) 0","(-, -) 0","(-, -) 0","(4, -) 0","(3, -) 0","(-, -) 0","(-, -) 0","(-, -) 0","(-, 2:13) 0"
A3,No,-1.0,1,"(4, -) 0","(-, -) 0","(-, -) 0","(-, -) 0","(-, 1:7) 0","(-, -) 0","(3, -) 0","(2, -) 0","(-, -) 0","(-, -) 0","(-, -) 0","(-, -) 0","(-, 1:3) 0","(-, 1:5) 0","(-, -) 0","(1, -) 0","(6, -) 0","(5, -) 0","(-, -) 0","(-, 2:14) 0"
A30,No,0.24369580448359884,2,"(6, -) 0","(1, -) 0","(8, -) 0","(-, -) 0","(-, 1:3) 0","(-, -) 0","(4, -) 0","(-, -) 0","(16, -) 0","(5, -) 0","(14, -) 0","(9, 2:13) 1","(3, -) 0","(2, -) 0","(11, -) 0","(15, -) 0","(12, -) 0","(13, -) 0","(10, -) 0","(7, -) 0"
A31,No,0.4713660531805519,1,"(16, -) 0","(4, 1:2) 1","(8, -) 0","(11, -) 0","(-, -) 0","(6, 1:10) 0","(3, -) 0","(12, -) 0","(17, -) 0","(9, -) 0","(19, -) 0","(10, -) 0","(1, -) 0","(2, -) 0","(15, -) 0","(14, -) 0","(18, -) 0","(5, -) 0","(7, -) 0","(13, -) 0"
A32,No,0.6897833311594566,2,"(6, -) 0","(18, 1:1) 1","(17, -) 0","(7, -) 0","(15, -) 0","(-, -) 0","(8, -) 0","(19, -) 0","(11, -) 0","(2, 2:8) 1","(4, -) 0","(1, -) 0","(16, -) 0","(9, -) 0","(13, -) 0","(3, -) 0","(10, -) 0","(14, -) 0","(5, -) 0","(12, -) 0"
A33,No,-1.0,2,"(12, -) 0","(-, -) 0","(-, -) 0","(11, -) 0","(-, -) 0","(1, -) 0","(3, -) 0","(-, 1:1) 0","(2, -) 0","(6, -) 0","(4, -) 0","(-, -) 0","(-, -) 0","(-, -) 0","(8, -) 0","(10, -) 0","(9, -) 0","(7, -) 0","(5, -) 0","(-, -) 0"
A34,No,0.5446595026060941,1,"(-, -) 0","(-, 1:10) 0","(-, -) 0","(-, -) 0","(2, -) 0","(-, -) 0","(-, -) 0","(-, 1:6) 0","(-, -) 0","(-, -) 0","(3, 2:3) 1","(-, -) 0","(1, -) 0","(-, -) 0","(-, -) 0","(4, -) 0","(-, -) 0","(-, -) 0","(-, -) 0","(-, -) 0"
A35,No,0.6391511932854699,1,"(-, -) 0","(-, -) 0","(8, -) 0","(-, -) 0","(3, -) 0","(7, -) 0","(2, 2:10) 1","(-, 2:5) 0","(10, -) 0","(9, -) 0","(1, -) 0","(4, -) 0","(-, -) 0","(-, -) 0","(6, -) 0","(-, -) 0","(11, -) 0","(5, 2:1) 0","(-, -) 0","(-, -) 0"
A36,No,0.2906985271003122,2,"(-, 2:0) 0","(-, -) 0","(3, -) 0","(1, 2:16) 0","(9, -) 0","(16, -) 0","(18, -) 0","(12, 2:10) 1","(8, -) 0","(17, -) 0","(13, -) 0","(4, -) 0","(15, 1:8) 0","(14, 1:1) 1","(2, -) 0","(6, -) 0","(7, -) 0","(5, -) 0","(10, -) 0","(11, -) 0"
A37,No,-1.0,1,"(-, -) 0","(9, -) 0","(3, -) 0","(-, -) 0","(-, -) 0","(7, -) 0","(1, -) 0","(4, -) 0","(-, -) 0","(6, -) 0","(-, -) 0","(-, -) 0","(2, -) 0","(8, -) 0","(-, -) 0","(-, -) 0","(-, -) 0","(-, -) 0","(5, -) 0","(-, 2:3) 0"
A38,No,-1.0,2,"(-, -) 0","(-, -) 0","(1, -) 0","(8, -) 0","(-, -) 0","(-, -) 0","(5, -) 0","(3, -) 0","(-, -) 0","(-, -) 0","(4, -) 0","(7, -) 0","(2, -) 0","(-, -) 0","(-, 1:10) 0","(-, -) 0","(-, -) 0","(6, -) 0","(-, -) 0","(-, -) 0"
A39,No,-1.0,2,"(-, 2:8) 0","(-, -) 0","(-, -) 0","(-, -) 0","(1, -) 0","(-, -) 0","(7, -) 0","(3, -) 0","(-, 1:4) 0","(6, -) 0","(-, -) 0","(-, -) 0","(-, -) 0","(5, -) 0","(-, -) 0","(4, -) 0","(-, -) 0","(-, -) 0","(2, -) 0","(-, -) 0"
A4,No,-1.0,1,"(-, -) 0","(-, -) 0","(6, -) 0","(2, -) 0","(5, -) 0","(-, -) 0","(7, -) 0","(3, -) 0","(-, -) 0","(-, -) 0","(-, -) 0","(-, 2:9) 0","(4, -) 0","(1, -) 0","(-, -) 0","(-, -) 0","(-, -) 0","(-, -) 0","(8, -) 0","(-, 1:8) 0"
A40,No,0.5446595026060941,2,"(-, -) 0","(9, -) 0","(11, -) 0","(12, -) 0","(-, 2:5) 0","(3, 2:7) 1","(14, -) 0","(8, -) 0","(7, -) 0","(4, -) 0","(6, -) 0","(-, -) 0","(5, -) 0","(2, -) 0","(-, -) 0","(-, -) 0","(1, -) 0","(13, -) 0","(10, -) 0","(-, -) 0"
A41,No,0.1575199690827349,1,"(11, -) 0","(-, -) 0","(13, -) 0","(8, 2:13) 0","(10, -) 0","(14, 2:5) 0","(7, -) 0","(3, -) 0","(12, 2:5) 1","(1, -) 0","(9, -) 0","(15, -) 0","(4, -) 0","(17, -) 0","(6, -) 0","(16, -) 0","(-, -) 0","(2, -) 0","(5, -) 0","(-, -) 0"
A42,No,0.5446595026060941,2,"(8, -) 0","(4, -) 0","(-, -) 0","(5, -) 0","(-, -) 0","(1, -) 0","(-, -) 0","(-, -) 0","(9, -) 0","(6, -) 0","(-, -) 0","(-, -) 0","(3, 1:5) 1","(2, -) 0","(-, -) 0","(-, -) 0","(-, -) 0","(7, -) 0","(-, -) 0","(-, -) 0"
A43,No,0.772329751303047,1,"(9, -) 0","(-, -) 0","(6, -) 0","(1, 1:3) 1","(-, -) 0","(3, -) 0","(7, -) 0","(8, -) 0","(-, 2:2) 0","(5, -) 0","(-, -) 0","(2, -) 0","(-, 2:8) 0","(-, -) 0","(-, -) 0","(-, -) 0","(-, -) 0","(4, -) 0","(-, -) 0","(-, -) 0"
A44,No,0.5446595026060941,1,"(-, -) 0","(-, -) 0","(-, -) 0","(-, -) 0","(-, -) 0","(-, -) 0","(-, -) 0","(-, -) 0","(4, -) 0","(-, -) 0","(3, 2:27) 1","(5, -) 0","(-, -) 0","(2, -) 0","(-, -) 0","(-, -) 0","(1, -) 0","(-, -) 0","(-, -) 0","(-, -) 0"
A45,No,-1.0,2,"(-, -) 0","(5, -) 0","(1, -) 0","(-, -) 0","(-, -) 0","(-, -) 0","(-, -) 0","(2, -) 0","(6, -) 0","(-, -) 0","(3, -) 0","(-, -) 0","(-, -) 0","(-, -) 0","(7, -) 0","(8, -) 0","(-, -) 0","(-, -) 0","(-, -) 0","(4, -) 0"
A46,No,-1.0,2,"(4, -) 0","(-, -) 0","(-, -) 0","(-, -) 0","(1, -) 0","(-, -) 0","(-, -) 0","(-, -) 0","(-, -) 0","(-, -) 0","(-, -) 0","(-, -) 0","(-, -) 0","(-, -) 0","(-, 1:6) 0","(-, 2:8) 0","(5, -) 0","(-, -) 0","(2, -) 0","(3, -) 0"
A47,No,0.11051724646602179,2,"(1, -) 0","(8, -) 0","(14, 1:4) 1","(6, -) 0","(-, -) 0","(11, -) 0","(16, -) 0","(13, -) 0","(12, -) 0","(7, -) 0","(4, -) 0","(5, -) 0","(10, -) 0","(-, -) 0","(-, -) 0","(-, 2:12) 0","(15, -) 0","(9, -) 0","(2, -) 0","(3, -) 0"
A48,No,0.18381069589156385,1,"(3, -) 0","(-, -) 0","(-, 2:12) 0","(-, -) 0","(2, -) 0","(9, -) 0","(1, -) 0","(-, -) 0","(-, -) 0","(8, -) 0","(-, 2:16) 0","(4, -) 0","(-, -) 0","(10, -) 0","(6, -) 0","(7, -) 0","(5, -) 0","(-, -) 0","(-, -) 0","(11, 2:1) 1"
A49,No,0.4713660531805519,1,"(-, -) 0","(-, -) 0","(4, 2:13) 1","(1, -) 0","(5, -) 0","(-, -) 0","(3, -) 0","(-, -) 0","(-, -) 0","(2, -) 0","(-, -) 0","(-, 2:11) 0","(-, -) 0","(-, -) 0","(-, -) 0","(-, -) 0","(-, -) 0","(-, -) 0","(-, -) 0","(-, 2:9) 0"
A5,No,-1.0,1,"(7, -) 0","(-, -) 0","(3, -) 0","(11, -) 0","(-, -) 0","(-, -) 0","(10, -) 0","(9, -) 0","(2, -) 0","(5, -) 0","(-, -) 0","(1, -) 0","(-, -) 0","(4, -) 0","(-, -) 0","(6, -) 0","(8, -) 0","(-, -) 0","(-, -) 0","(-, -) 0"
A50,No,-1.0,1,"(1, -) 0","(-, -) 0","(5, -) 0","(-, 2:10) 0","(-, -) 0","(-, -) 0","(3, -) 0","(-, -) 0","(-, -) 0","(6, -) 0","(-, -) 0","(4, -) 0","(-, -) 0","(-, -) 0","(-, -) 0","(-, -) 0","(-, -) 0","(2, -) 0","(-, -) 0","(-, -) 0"
A51,No,0.36084880671453023,1,"(4, -) 0","(-, -) 0","(-, -) 0","(5, -) 0","(3, -) 0","(-, -) 0","(6, 2:4) 1","(7, -) 0","(-, -) 0","(-, -) 0","(-, 2:4) 0","(-, -) 0","(-, -) 0","(-, -) 0","(-, -) 0","(-, 2:7) 0","(-, -) 0","(1, -) 0","(2, -) 0","(-, -) 0"
A52,No,-1.0,1,"(-, -) 0","(-, -) 0","(-, -) 0","(5, -) 0","(1, -) 0","(2, -) 0","(4, -) 0","(-, -) 0","(3, -) 0","(-, -) 0","(-, 1:3) 0","(-, -) 0","(-, -) 0","(-, -) 0","(-, -) 0","(-, -) 0","(-, -) 0","(-, -) 0","(-, -) 0","(-, 1:1) 0"
A53,No,0.5446595026060941,1,"(-, -) 0","(12, 2:2) 0","(4, -) 0","(-, -) 0","(15, -) 0","(2, -) 0","(-, 2:3) 0","(10, -) 0","(9, -) 0","(5, -) 0","(3, 2:15) 1","(1, -) 0","(8, -) 0","(-, -) 0","(6, -) 0","(7, -) 0","(-, -) 0","(11, -) 0","(13, -) 0","(14, -) 0"
A54,No,-1.0,2,"(1, -) 0","(-, -) 0","(7, -) 0","(9, -) 0","(-, -) 0","(-, -) 0","(-, -) 0","(-, -) 0","(8, -) 0","(10, -) 0","(-, -) 0","(-, 2:14) 0","(-, -) 0","(2, -) 0","(11, -) 0","(6, -) 0","(3, -) 0","(-, -) 0","(4, -) 0","(5, -) 0"
A55,No,0.2123903430347438,2,"(-, -) 0","(12, -) 0","(8, -) 0","(5, -) 0","(9, -) 0","(7, -) 0","(11, -) 0","(-, -) 0","(3, -) 0","(4, -) 0","(10, 2:9) 1","(-, -) 0","(-, -) 0","(6, -) 0","(-, -) 0","(-, -) 0","(13, -) 0","(1, -) 0","(2, -) 0","(-, -) 0"
A56,No,-1.0,2,"(9, -) 0","(10, -) 0","(-, -) 0","(11, -) 0","(14, -) 0","(4, -) 0","(7, -) 0","(8, -) 0","(6, -) 0","(5, -) 0","(15, -) 0","(-, 2:5) 0","(-, -) 0","(12, -) 0","(13, -) 0","(-, -) 0","(-, -) 0","(1, -) 0","(3, -) 0","(2, -) 0"
A57,No,-1.0,2,"(-, -) 0","(6, -) 0","(-, -) 0","(5, -) 0","(-, -) 0","(10, -) 0","(7, -) 0","(9, -) 0","(8, -) 0","(-, -) 0","(-, -) 0","(-, -) 0","(-, -) 0","(2, -) 0","(-, -) 0","(3, -) 0","(-, -) 0","(4, -) 0","(1, -) 0","(-, -) 0"
A58,No,0.3169892539091411,2,"(7, 2:6) 1","(4, -) 0","(2, -) 0","(-, 2:14) 0","(3, -) 0","(-, -) 0","(1, -) 0","(-, -) 0","(-, -) 0","(-, 1:9) 0","(-, 2:7) 0","(-, -) 0","(-, -) 0","(5, -) 0","(-, -) 0","(-, -) 0","(6, -) 0","(-, -) 0","(-, 2:5) 0","(-, -) 0"
A59,No,0.06940631839298106,2,"(3, -) 0","(8, -) 0","(5, -) 0","(-, -) 0","(12, -) 0","(6, -) 0","(7, -) 0","(15, -) 0","(13, -) 0","(-, -) 0","(16, 2:18) 1","(-, -) 0","(10, -) 0","(14, -) 0","(11, -) 0","(2, -) 0","(4, -) 0","(1, -) 0","(9, -) 0","(17, -) 0"
A6,No,1.544659502606094,2,"(11, -) 0","(10, -) 0","(2, 1:2) 1","(-, -) 0","(16, -) 0","(14, -) 0","(5, -) 0","(7, -) 0","(13, -) 0","(17, -) 0","(4, -) 0","(1, 1:5) 1","(12, -) 0","(9, -) 0","(6, -) 0","(15, -) 0","(-, -) 0","(8, -) 0","(18, -) 0","(3, -) 0"
A60,No,0.11051724646602179,1,"(6, -) 0","(13, -) 0","(1, -) 0","(-, -) 0","(10, -) 0","(15, -) 0","(17, -) 0","(12, -) 0","(4, -) 0","(16, -) 0","(5, -) 0","(14, 2:3) 1","(3, -) 0","(9, -) 0","(2, -) 0","(8, -) 0","(-, -) 0","(11, -) 0","(7, -) 0","(-, -) 0"
A61,No,0.40121577356633376,2,"(-, -) 0","(-, -) 0","(-, -) 0","(3, -) 0","(13, 2:14) 1","(15, -) 0","(-, -) 0","(11, -) 0","(12, -) 0","(14, -) 0","(4, -) 0","(10, -) 0","(7, -) 0","(2, -) 0","(1, -) 0","(9, 2:10) 1","(8, -) 0","(5, -) 0","(6, -) 0","(16, -) 0"
A62,No,-1.0,1,"(1, -) 0","(6, -) 0","(2, -) 0","(-, 2:0) 0","(-, -) 0","(-, -) 0","(-, -) 0","(-, -) 0","(5, -) 0","(-, -) 0","(-, -) 0","(-, -) 0","(-, -) 0","(-, -) 0","(-, -) 0","(4, -) 0","(3, -) 0","(-, -) 0","(-, -) 0","(-, -) 0"
A63,No,-1.0,1,"(7, -) 0","(13, -) 0","(-, -) 0","(4, -) 0","(8, -) 0","(-, -) 0","(3, -) 0","(-, -) 0","(15, -) 0","(10, -) 0","(6, -) 0","(11, -) 0","(12, -) 0","(16, -) 0","(2, -) 0","(9, -) 0","(-, -) 0","(5, -) 0","(1, -) 0","(14, -) 0"
A64,No,-1.0,2,"(-, -) 0","(1, -) 0","(2, -) 0","(-, -) 0","(-, -) 0","(-, -) 0","(-, -) 0","(-, -) 0","(4, -) 0","(-, 2:3) 0","(-, -) 0","(-, -) 0","(6, -) 0","(7, -) 0","(8, -) 0","(-, -) 0","(5, -) 0","(9, -) 0","(3, -) 0","(-, 1:3) 0"
A65,No,0.3169892539091411,1,"(-, -) 0","(-, -) 0","(-, -) 0","(-, -) 0","(4, -) 0","(-, -) 0","(1, -) 0","(2, -) 0","(3, -) 0","(-, -) 0","(9, -) 0","(-, -) 0","(-, 1:6) 0","(5, -) 0","(-, -) 0","(8, -) 0","(6, 2:13) 0","(-, -) 0","(-, -) 0","(7, 2:17) 1"
A66,No,0.13317855801757728,2,"(5, -) 0","(16, -) 0","(10, -) 0","(8, -) 0","(3, -) 0","(-, -) 0","(18, -) 0","(2, -) 0","(6, -) 0","(15, -) 0","(1, -) 0","(4, -) 0","(7, -) 0","(11, -) 0","(9, -) 0","(17, -) 0","(13, 2:4) 1","(19, -) 0","(14, -) 0","(12, -) 0"
A67,No,1.0893190052121882,2,"(1, 1:2) 1","(4, -) 0","(13, -) 0","(5, -) 0","(8, 2:13) 1","(14, -) 0","(-, 2:9) 0","(2, -) 0","(18, -) 0","(10, -) 0","(9, -) 0","(7, -) 0","(19, -) 0","(11, -) 0","(12, -) 0","(6, -) 0","(16, -) 0","(17, -) 0","(15, -) 0","(3, -) 0"
A68,No,1.1105172464660218,2,"(8, -) 0","(3, -) 0","(5, 1:1) 1","(-, -) 0","(13, -) 0","(11, -) 0","(-, -) 0","(12, -) 0","(7, -) 0","(-, -) 0","(10, -) 0","(-, -) 0","(2, 2:0) 1","(4, 2:1) 0","(9, -) 0","(-, -) 0","(-, -) 0","(1, -) 0","(6, -) 0","(-, -) 0"
A69,No,1.1105172464660218,2,"(-, -) 0","(9, -) 0","(5, 2:14) 1","(6, -) 0","(-, -) 0","(-, -) 0","(8, -) 0","(-, -) 0","(10, -) 0","(3, -) 0","(-, -) 0","(-, -) 0","(-, -) 0","(-, 1:3) 0","(7, -) 0","(-, -) 0","(-, -) 0","(1, -) 0","(2, 2:2) 1","(4, -) 0"
A7,No,0.2123903430347438,2,"(4, -) 0","(8, -) 0","(18, -) 0","(7, -) 0","(2, -) 0","(6, -) 0","(9, -) 0","(19, -) 0","(5, -) 0","(1, -) 0","(11, -) 0","(16, -) 0","(12, -) 0","(3, -) 0","(-, 1:0) 0","(14, -) 0","(17, -) 0","(15, -) 0","(13, -) 0","(10, 1:9) 1"
A70,No,0.5446595026060941,1,"(5, 2:2) 0","(-, -) 0","(9, -) 0","(-, -) 0","(-, -) 0","(3, 1:8) 1","(-, -) 0","(8, -) 0","(10, -) 0","(1, -) 0","(4, 2:14) 0","(-, -) 0","(2, -) 0","(6, -) 0","(-, -) 0","(-, -) 0","(-, -) 0","(11, -) 0","(12, -) 0","(7, -) 0"
A71,No,-1.0,2,"(-, -) 0","(-, -) 0","(-, -) 0","(-, -) 0","(3, -) 0","(-, 2:1) 0","(-, -) 0","(-, -) 0","(-, -) 0","(1, -) 0","(-, -) 0","(-, -) 0","(5, -) 0","(-, -) 0","(2, -) 0","(-, 2:18) 0","(-, -) 0","(-, -) 0","(4, -) 0","(-, 2:10) 0"
A72,No,0.1575199690827349,1,"(14, 2:16) 0","(8, -) 0","(2, -) 0","(15, -) 0","(6, 2:6) 0","(-, -) 0","(11, -) 0","(-, -) 0","(9, -) 0","(12, 1:5) 1","(3, -) 0","(10, -) 0","(1, -) 0","(5, 2:13) 0","(18, -) 0","(16, -) 0","(7, -) 0","(17, -) 0","(4, -) 0","(13, -) 0"
A73,No,0.8515415363202137,2,"(18, -) 0","(17, -) 0","(5, -) 0","(9, -) 0","(16, -) 0","(-, -) 0","(3, -) 0","(7, -) 0","(10, -) 0","(4, -) 0","(14, -) 0","(12, -) 0","(19, -) 0","(15, -) 0","(6, -) 0","(2, 1:6) 1","(8, -) 0","(13, 1:4) 0","(1, -) 0","(11, 1:6) 1"
A74,No,0.6339785078182821,2,"(7, -) 0","(15, -) 0","(6, -) 0","(5, -) 0","(14, -) 0","(8, -) 0","(10, -) 0","(17, -) 0","(11, -) 0","(12, -) 0","(16, 1:2) 1","(13, -) 0","(1, -) 0","(18, -) 0","(3, 2:0) 1","(2, -) 0","(-, -) 0","(-, 2:18) 0","(4, -) 0","(9, 2:15) 0"
A75,No,-1.0,2,"(-, -) 0","(5, -) 0","(-, -) 0","(-, -) 0","(3, -) 0","(-, -) 0","(-, -) 0","(-, -) 0","(-, -) 0","(-, -) 0","(2, -) 0","(9, -) 0","(-, -) 0","(8, -) 0","(1, -) 0","(6, -) 0","(4, -) 0","(-, -) 0","(7, -) 0","(-, -) 0"
A76,No,-1.0,2,"(-, -) 0","(1, -) 0","(7, -) 0","(-, -) 0","(-, -) 0","(5, -) 0","(-, -) 0","(-, -) 0","(4, -) 0","(2, -) 0","(-, -) 0","(-, -) 0","(6, -) 0","(-, -) 0","(9, -) 0","(8, -) 0","(-, -) 0","(3, -) 0","(-, -) 0","(-, 2:2) 0"
A77,No,0.5446595026060941,1,"(5, 2:15) 0","(9, -) 0","(10, -) 0","(8, -) 0","(3, 1:2) 1","(-, -) 0","(2, -) 0","(6, -) 0","(-, -) 0","(-, -) 0","(7, -) 0","(13, -) 0","(-, -) 0","(11, -) 0","(4, -) 0","(-, -) 0","(-, -) 0","(-, 1:7) 0","(1, -) 0","(12, -) 0"
A78,No,0.4114809445885168,1,"(3, -) 0","(-, -) 0","(5, 2:2) 1","(-, -) 0","(-, -) 0","(2, -) 0","(-, -) 0","(7, -) 0","(-, -) 0","(10, -) 0","(-, -) 0","(11, -) 0","(-, -) 0","(6, -) 0","(8, -) 0","(-, -) 0","(9, 1:0) 0","(1, -) 0","(-, -) 0","(4, -) 0"
A79,No,-1.0,2,"(11, -) 0","(12, -) 0","(-, -) 0","(4, -) 0","(-, -) 0","(-, 2:4) 0","(-, -) 0","(1, -) 0","(-, -) 0","(5, -) 0","(9, -) 0","(-, 1:1) 0","(13, -) 0","(3, -) 0","(2, -) 0","(-, -) 0","(8, -) 0","(7, -) 0","(6, -) 0","(10, -) 0"
A8,No,-1.0,2,"(17, -) 0","(16, -) 0","(3, -) 0","(6, -) 0","(13, -) 0","(-, -) 0","(9, -) 0","(7, -) 0","(18, -) 0","(8, -) 0","(2, -) 0","(-, 1:3) 0","(14, -) 0","(5, -) 0","(11, -) 0","(12, -) 0","(10, -) 0","(4, -) 0","(1, -) 0","(15, -) 0"
A80,No,0.5446595026060941,1,"(11, -) 0","(-, -) 0","(9, -) 0","(16, -) 0","(6, -) 0","(8, -) 0","(7, -) 0","(3, 1:10) 1","(10, -) 0","(-, -) 0","(4, 2:19) 0","(1, -) 0","(14, -) 0","(17, -) 0","(5, -) 0","(12, -) 0","(-, 2:3) 0","(13, -) 0","(15, -) 0","(2, -) 0"
A81,No,0.4114809445885168,1,"(-, 2:12) 0","(2, -) 0","(-, -) 0","(-, -) 0","(1, -) 0","(-, -) 0","(-, -) 0","(-, -) 0","(-, -) 0","(5, 1:10) 1","(-, -) 0","(-, -) 0","(-, -) 0","(-, -) 0","(-, -) 0","(4, -) 0","(-, -) 0","(-, 2:0) 0","(3, -) 0","(-, -) 0"
A82,No,0.5446595026060941,2,"(-, -) 0","(-, -) 0","(-, -) 0","(3, 2:5) 1","(-, -) 0","(5, -) 0","(-, -) 0","(-, -) 0","(-, -) 0","(2, -) 0","(-, -) 0","(6, -) 0","(-, -) 0","(-, -) 0","(1, -) 0","(-, -) 0","(-, -) 0","(4, -) 0","(-, 1:4) 0","(-, -) 0"
A83,No,0.24369580448359884,2,"(4, -) 0","(-, -) 0","(-, -) 0","(3, -) 0","(1, -) 0","(-, 1:2) 0","(-, -) 0","(5, -) 0","(9, 2:3) 1","(-, -) 0","(-, -) 0","(-, -) 0","(8, -) 0","(-, -) 0","(-, 2:5) 0","(10, -) 0","(2, -) 0","(6, -) 0","(-, -) 0","(7, -) 0"
A84,No,1.243695804483599,2,"(12, -) 0","(7, -) 0","(4, -) 0","(2, -) 0","(3, -) 0","(14, -) 0","(13, -) 0","(8, -) 0","(18, -) 0","(-, -) 0","(-, -) 0","(10, -) 0","(11, -) 0","(1, 2:14) 1","(15, -) 0","(16, -) 0","(17, -) 0","(6, -) 0","(9, -) 0","(5, 2:16) 1"
A85,No,-1.0,1,"(6, -) 0","(2, -) 0","(-, 2:11) 0","(5, -) 0","(-, -) 0","(1, -) 0","(7, -) 0","(-, -) 0","(-, 1:2) 0","(-, -) 0","(4, -) 0","(-, -) 0","(-, -) 0","(-, -) 0","(-, -) 0","(-, -) 0","(-, -) 0","(-, -) 0","(3, -) 0","(8, -) 0"
A86,No,0.2123903430347438,1,"(6, -) 0","(3, -) 0","(18, -) 0","(10, 2:18) 1","(2, -) 0","(19, -) 0","(17, -) 0","(1, -) 0","(7, -) 0","(-, -) 0","(12, -) 0","(4, -) 0","(5, -) 0","(15, -) 0","(11, -) 0","(9, -) 0","(13, -) 0","(8, -) 0","(14, -) 0","(16, -) 0"
A87,No,0.5446595026060941,1,"(4, 2:1) 0","(13, -) 0","(1, -) 0","(-, -) 0","(-, -) 0","(-, -) 0","(-, -) 0","(-, -) 0","(7, -) 0","(-, 1:2) 0","(3, 2:12) 1","(2, 2:12) 0","(5, -) 0","(11, -) 0","(12, 2:3) 0","(-, 1:3) 0","(8, -) 0","(10, -) 0","(6, -) 0","(9, -) 0"
A88,No,0.4713660531805519,1,"(4, 2:4) 1","(-, -) 0","(-, -) 0","(-, -) 0","(-, -) 0","(3, -) 0","(5, -) 0","(-, 1:0) 0","(-, -) 0","(-, -) 0","(2, -) 0","(-, -) 0","(-, -) 0","(6, -) 0","(1, -) 0","(-, -) 0","(-, -) 0","(-, -) 0","(-, -) 0","(-, -) 0"
A89,No,0.08931900521218805,1,"(7, -) 0","(10, -) 0","(4, -) 0","(8, -) 0","(5, -) 0","(12, -) 0","(6, -) 0","(2, -) 0","(-, 2:10) 0","(16, -) 0","(1, -) 0","(3, -) 0","(-, -) 0","(17, -) 0","(-, 1:11) 0","(11, -) 0","(13, -) 0","(9, -) 0","(15, 1:0) 1","(14, -) 0"
A9,No,-1.0,2,"(-, 2:17) 0","(-, -) 0","(2, -) 0","(-, -) 0","(6, -) 0","(-, -) 0","(1, -) 0","(8, -) 0","(-, -) 0","(-, -) 0","(-, -) 0","(-, -) 0","(5, -) 0","(-, -) 0","(4, -) 0","(7, -) 0","(-, -) 0","(-, -) 0","(3, -) 0","(-, -) 0"
A90,No,0.8417360696960281,2,"(2, -) 0","(13, -) 0","(4, -) 0","(8, -) 0","(6, -) 0","(15, -) 0","(14, -) 0","(10, -) 0","(11, -) 0","(16, -) 0","(12, -) 0","(-, -) 0","(5, -) 0","(7, -) 0","(3, -) 0","(17, 2:6) 1","(9, -) 0","(-, 2:17) 0","(-, -) 0","(1, 2:11) 1"
A91,No,0.2123903430347438,1,"(-, -) 0","(7, -) 0","(13, -) 0","(3, -) 0","(5, -) 0","(4, -) 0","(14, -) 0","(15, 2:7) 0","(10, 1:1) 1","(11, -) 0","(-, -) 0","(9, -) 0","(8, 2:7) 0","(1, -) 0","(6, -) 0","(12, -) 0","(-, -) 0","(-, -) 0","(-, -) 0","(2, -) 0"
A92,No,0.772329751303047,1,"(5, -) 0","(-, -) 0","(7, -) 0","(-, -) 0","(9, -) 0","(-, -) 0","(-, -) 0","(3, -) 0","(1, 2:1) 1","(-, -) 0","(8, -) 0","(-, -) 0","(-, -) 0","(-, -) 0","(-, -) 0","(2, -) 0","(4, -) 0","(6, -) 0","(-, -) 0","(10, -) 0"
A93,No,0.5446595026060941,1,"(9, -) 0","(11, -) 0","(15, -) 0","(-, -) 0","(2, -) 0","(-, -) 0","(14, -) 0","(8, -) 0","(3, 2:6) 1","(10, 1:0) 0","(17, -) 0","(7, -) 0","(4, -) 0","(18, -) 0","(1, -) 0","(12, -) 0","(16, 1:8) 0","(13, -) 0","(5, -) 0","(6, -) 0"
A94,No,0.43582235565367455,2,"(11, -) 0","(9, -) 0","(1, -) 0","(10, -) 0","(13, 2:0) 1","(-, -) 0","(-, -) 0","(7, -) 0","(14, -) 0","(5, -) 0","(-, 2:17) 0","(-, -) 0","(2, -) 0","(-, 2:12) 0","(12, -) 0","(-, 2:19) 0","(4, -) 0","(6, -) 0","(8, 1:11) 1","(3, -) 0"
A95,No,0.3169892539091411,2,"(4, -) 0","(14, -) 0","(-, -) 0","(-, -) 0","(7, 2:8) 1","(5, -) 0","(10, -) 0","(1, -) 0","(11, -) 0","(-, -) 0","(12, -) 0","(8, -) 0","(2, -) 0","(15, -) 0","(13, -) 0","(3, -) 0","(6, -) 0","(9, -) 0","(-, -) 0","(16, -) 0"
A96,No,0.3169892539091411,1,"(11, -) 0","(4, -) 0","(12, -) 0","(16, -) 0","(14, -) 0","(-, -) 0","(3, -) 0","(15, -) 0","(6, -) 0","(10, -) 0","(13, -) 0","(-, -) 0","(-, -) 0","(5, -) 0","(7, 2:4) 1","(1, -) 0","(8, -) 0","(-, -) 0","(2, -) 0","(9, -) 0"
A97,No,-1.0,2,"(-, -) 0","(-, -) 0","(4, -) 0","(1, -) 0","(2, -) 0","(-, -) 0","(-, -) 0","(-, -) 0","(-, -) 0","(-, -) 0","(-, -) 0","(3, -) 0","(6, -) 0","(-, -) 0","(-, -) 0","(-, -) 0","(-, -) 0","(-, -) 0","(5, -) 0","(-, -) 0"
A98,No,0.39620103892630765,2,"(-, -) 0","(14, -) 0","(3, -) 0","(12, 1:10) 1","(5, -) 0","(17, -) 0","(16, -) 0","(8, -) 0","(1, -) 0","(-, -) 0","(4, -) 0","(7, -) 0","(-, -) 0","(13, -) 0","(6, -) 0","(10, 2:5) 1","(2, -) 0","(9, -) 0","(11, -) 0","(15, -) 0"
A99,No,-1.0,1,"(6, -) 0","(2, -) 0","(-, -) 0","(5, -) 0","(-, -) 0","(3, -) 0","(-, -) 0","(-, -) 0","(-, -) 0","(7, -) 0","(-, -) 0","(-, -) 0","(9, -) 0","(-, 1:2) 0","(8, -) 0","(-, -) 0","(1, -) 0","(-, -) 0","(10, -) 0","(4, -) 0"
